price;size;location;real_estate;ownership
996.000 €;149,1 m²;Germering, Fürstenfeldbruck (Kreis);Haus;Kauf
848.000 €;273 m²;Althegnenberg, Fürstenfeldbruck (Kreis);Haus;Kauf
1.192.416 €;372 m²;Gröbenzell, Fürstenfeldbruck (Kreis);Haus;Kauf
1.290.000 €;179 m²;Gröbenzell, Fürstenfeldbruck (Kreis);Haus;Kauf
945.000 €;95,5 m²;Wiesenstraße 21, Eichenau, Fürstenfeldbruck (Kreis);Haus;Kauf
1.023.000 €;149,7 m²;Germering, Fürstenfeldbruck (Kreis);Haus;Kauf
620.000 €;92,19 m²;Puchheim, Fürstenfeldbruck (Kreis);Haus;Kauf
699.000 €;150 m²;Gröbenzell, Fürstenfeldbruck (Kreis);Haus;Kauf
1.299.000 €;250 m²;Maisach, Fürstenfeldbruck (Kreis);Haus;Kauf
899.500 - 909.500 €;122,00 - 122,00 m²;Keltenweg 5, Olching, Fürstenfeldbruck (Kreis);Haus;Kauf
888.600 - 1.052.300 €;120,00 - 129,00 m²;Möslstraße 11, Olching, Fürstenfeldbruck (Kreis);Haus;Kauf
999.000 €;342 m²;Olching, Fürstenfeldbruck (Kreis);Haus;Kauf
1.298.000 €;177 m²;Fürstenfeldbruck, Fürstenfeldbruck (Kreis);Haus;Kauf
752.800 €;554 m²;Egenhofen, Fürstenfeldbruck (Kreis);Haus;Kauf
1.779.000 €;241 m²;Germering, Fürstenfeldbruck (Kreis);Haus;Kauf
765.000 €;135 m²;Edelweißstr. 167, Puchheim, Fürstenfeldbruck (Kreis);Haus;Kauf
1.389.000 €;187 m²;Germering, Fürstenfeldbruck (Kreis);Haus;Kauf
1.199.000 €;160 m²;Bürgermeister-Müller-Strasse 24, Puchheim, Fürstenfeldbruck (Kreis);Haus;Kauf
774.500 €;140 m²;Grafrath, Fürstenfeldbruck (Kreis);Haus;Kauf
1.100.000 €;162 m²;Gröbenzell, Fürstenfeldbruck (Kreis);Haus;Kauf
643.000 €;384 m²;Moorenweis, Fürstenfeldbruck (Kreis);Haus;Kauf
870.000 €;100 m²;Siedlerstr. 21, Olching, Fürstenfeldbruck (Kreis);Haus;Kauf
1.450.000 €;367 m²;Mammendorf, Fürstenfeldbruck (Kreis);Haus;Kauf
759.000 €;132,02 m²;Emmering, Fürstenfeldbruck (Kreis);Haus;Kauf
710.000 €;108 m²;Puchheim, Fürstenfeldbruck (Kreis);Haus;Kauf
1.275.000 €;529 m²;Olching, Fürstenfeldbruck (Kreis);Haus;Kauf
975.000 €;157 m²;Wegacker 3, Maisach, Fürstenfeldbruck (Kreis);Haus;Kauf
987.630 €;512 m²;Eichenau, Fürstenfeldbruck (Kreis);Haus;Kauf
996.000 - 1.192.000 €;149,10 - 155,00 m²;Germering, Fürstenfeldbruck (Kreis);Haus;Kauf
749.000 €;108,7 m²;Fürstenfeldbruck, Fürstenfeldbruck (Kreis);Haus;Kauf
944.000 €;162 m²;Olching, Fürstenfeldbruck (Kreis);Haus;Kauf
750.000 €;143 m²;Olching, Fürstenfeldbruck (Kreis);Haus;Kauf
510.000 €;85,3 m²;Germering, Fürstenfeldbruck (Kreis);Haus;Kauf
765.000 €;151 m²;Lohengrinstraße 21, Germering, Fürstenfeldbruck (Kreis);Haus;Kauf
1.192.416 €;372 m²;Gröbenzell, Fürstenfeldbruck (Kreis);Haus;Kauf
1.980.000 €;367 m²;Pucher Str. 32, Fürstenfeldbruck, Fürstenfeldbruck (Kreis);Haus;Kauf
980.000 €;220,56 m²;Olching, Fürstenfeldbruck (Kreis);Haus;Kauf
698.000 €;133 m²;Mammendorf, Fürstenfeldbruck (Kreis);Haus;Kauf
849.900 €;168,8 m²;Fürstenfeldbruck, Fürstenfeldbruck (Kreis);Haus;Kauf
475.000 €;107 m²;Althegnenberg, Fürstenfeldbruck (Kreis);Haus;Kauf
695.000 €;105 m²;Türkenfeld, Fürstenfeldbruck (Kreis);Haus;Kauf
784.000 €;98,32 m²;Puchheim, Fürstenfeldbruck (Kreis);Haus;Kauf
715.000 €;120 m²;Olching, Fürstenfeldbruck (Kreis);Haus;Kauf
725.000 - 805.000 €;118,91 - 135,00 m²;Lärchenstraße 14, Fürstenfeldbruck, Fürstenfeldbruck (Kreis);Haus;Kauf
1.029.000 €;125 m²;Eichenau, Fürstenfeldbruck (Kreis);Haus;Kauf
553.000 €;173 m²;Moorenweis, Fürstenfeldbruck (Kreis);Haus;Kauf
480.000 €;125 m²;Moorenweis, Fürstenfeldbruck (Kreis);Haus;Kauf
645.000 €;128 m²;Emmering, Fürstenfeldbruck (Kreis);Haus;Kauf
890.000 €;162 m²;Fürstenfeldbruck, Fürstenfeldbruck (Kreis);Haus;Kauf
1.399.000 €;218 m²;Gröbenzell, Fürstenfeldbruck (Kreis);Haus;Kauf
698.000 €;275 m²;Lerchenstr. 1, Moorenweis, Fürstenfeldbruck (Kreis);Haus;Kauf
920.000 €;129 m²;Fürstenfeldbruck, Fürstenfeldbruck (Kreis);Haus;Kauf
540.000 €;89,06 m²;Eichenau, Fürstenfeldbruck (Kreis);Haus;Kauf
582.000 €;120 m²;Kreuzstraße XXX, Olching, Fürstenfeldbruck (Kreis);Haus;Kauf
850.000 €;191 m²;Gröbenzell, Fürstenfeldbruck (Kreis);Haus;Kauf
1.850.000 €;200 m²;Fürstenfeldbruck, Fürstenfeldbruck (Kreis);Haus;Kauf
1.595.000 €;221,56 m²;Birkenweg 25, Germering, Fürstenfeldbruck (Kreis);Haus;Kauf
748.000 €;122 m²;Fürstenfeldbruck, Fürstenfeldbruck (Kreis);Haus;Kauf
1.125.000 €;300 m²;Fürstenfeldbruck, Fürstenfeldbruck (Kreis);Haus;Kauf
1.125.000 €;191,55 m²;Gröbenzell, Fürstenfeldbruck (Kreis);Haus;Kauf
1.545.000 €;221,56 m²;Germering, Fürstenfeldbruck (Kreis);Haus;Kauf
999.000 €;180 m²;Germering, Fürstenfeldbruck (Kreis);Haus;Kauf
740.000 €;132 m²;Eichendorffweg 3, Fürstenfeldbruck, Fürstenfeldbruck (Kreis);Haus;Kauf
830.000 €;180 m²;Schöngeising, Fürstenfeldbruck (Kreis);Haus;Kauf
830.000 €;135 m²;Puchheim, Fürstenfeldbruck (Kreis);Haus;Kauf
895.000 €;203 m²;Am Pöglschlag 3, Fürstenfeldbruck, Fürstenfeldbruck (Kreis);Haus;Kauf
760.000 €;143 m²;Olching, Fürstenfeldbruck (Kreis);Haus;Kauf
890.000 €;156,17 m²;Olching, Fürstenfeldbruck (Kreis);Haus;Kauf
990.000 €;156 m²;Emmering, Fürstenfeldbruck (Kreis);Haus;Kauf
1.280.000 €;170 m²;Eichenau, Fürstenfeldbruck (Kreis);Haus;Kauf
698.000 €;103 m²;Puchheim, Fürstenfeldbruck (Kreis);Haus;Kauf
585.000 €;84,2 m²;Egenhofen, Fürstenfeldbruck (Kreis);Haus;Kauf
917.000 €;137,63 m²;Puchheim, Fürstenfeldbruck (Kreis);Haus;Kauf
750.000 €;148 m²;Olching, Fürstenfeldbruck (Kreis);Haus;Kauf
1.172.362 €;500 m²;Olching, Fürstenfeldbruck (Kreis);Haus;Kauf
731.000 €;137 m²;Emmering, Fürstenfeldbruck (Kreis);Haus;Kauf
500.000 €;122,41 m²;Puchheim, Fürstenfeldbruck (Kreis);Haus;Kauf
760.000 €;300 m²;Eichenau, Fürstenfeldbruck (Kreis);Haus;Kauf
724.520 €;554 m²;Egenhofen, Fürstenfeldbruck (Kreis);Haus;Kauf
580.000 €;150 m²;Krokusstraße 25, Maisach, Fürstenfeldbruck (Kreis);Haus;Kauf
945.000 €;95,5 m²;Wiesenstraße 21, Eichenau, Fürstenfeldbruck (Kreis);Haus;Kauf
795.000 €;140 m²;Gröbenzell, Fürstenfeldbruck (Kreis);Haus;Kauf
729.000 €;119,26 m²;Lärchenstraße 14, Fürstenfeldbruck, Fürstenfeldbruck (Kreis);Haus;Kauf
1.120.000 €;181,4 m²;Germering, Fürstenfeldbruck (Kreis);Haus;Kauf
1.052.300 €;120 m²;Möslstraße 11, Olching, Fürstenfeldbruck (Kreis);Haus;Kauf
5.250.000 €;1.227,2 m²;Germering, Fürstenfeldbruck (Kreis);Haus;Kauf
1.498.000 €;270 m²;Gröbenzell, Fürstenfeldbruck (Kreis);Haus;Kauf
1.270.000 €;260 m²;Germering, Fürstenfeldbruck (Kreis);Haus;Kauf
1.290.000 €;262 m²;Germering, Fürstenfeldbruck (Kreis);Haus;Kauf
1.299.000 €;740 m²;Germering, Fürstenfeldbruck (Kreis);Haus;Kauf
860.000 €;120 m²;Fürstenfeldbruck, Fürstenfeldbruck (Kreis);Haus;Kauf
1.600.000 €;323 m²;Mammendorf, Fürstenfeldbruck (Kreis);Haus;Kauf
695.000 €;114 m²;Schöngeising, Fürstenfeldbruck (Kreis);Haus;Kauf
1.050.000 €;250 m²;Althegnenberg, Fürstenfeldbruck (Kreis);Haus;Kauf
995.000 €;120 m²;Fürstenfeldbruck, Fürstenfeldbruck (Kreis);Haus;Kauf
850.000 €;110 m²;Puchheim, Fürstenfeldbruck (Kreis);Haus;Kauf
596.980 €;271 m²;Althegnenberg, Fürstenfeldbruck (Kreis);Haus;Kauf
2.150.000 €;359,33 m²;Germering, Fürstenfeldbruck (Kreis);Haus;Kauf
690.000 €;149 m²;Olching, Fürstenfeldbruck (Kreis);Haus;Kauf
690.000 €;149 m²;Olching, Fürstenfeldbruck (Kreis);Haus;Kauf
598.000 €;120 m²;Maisach, Fürstenfeldbruck (Kreis);Haus;Kauf
700.000 €;136 m²;Kerschensteinerstr. 92, Germering, Fürstenfeldbruck (Kreis);Haus;Kauf
695.000 €;170 m²;Mittelstetten, Fürstenfeldbruck (Kreis);Haus;Kauf
749.000 €;141,07 m²;Olching, Fürstenfeldbruck (Kreis);Haus;Kauf
689.000 €;119 m²;Althegnenberg, Fürstenfeldbruck (Kreis);Haus;Kauf
990.000 €;170 m²;Grafrath, Fürstenfeldbruck (Kreis);Haus;Kauf
890.000 €;130 m²;Grafrath, Fürstenfeldbruck (Kreis);Haus;Kauf
955.000 €;139,1 m²;Germering, Fürstenfeldbruck (Kreis);Haus;Kauf
1.200.000 €;139 m²;Germering, Fürstenfeldbruck (Kreis);Haus;Kauf
4.220.000 €;556 m²;Germering, Fürstenfeldbruck (Kreis);Haus;Kauf
975.000 €;157 m²;Wegacker 3, Maisach, Fürstenfeldbruck (Kreis);Haus;Kauf
1.250.000 €;260 m²;Kiefernstr. 8 b, Germering, Fürstenfeldbruck (Kreis);Haus;Kauf
589.000 €;202 m²;Adelshofen, Fürstenfeldbruck (Kreis);Haus;Kauf
798.000 €;179,25 m²;Gröbenzell, Fürstenfeldbruck (Kreis);Haus;Kauf
749.000 €;155,21 m²;Schöngeising, Fürstenfeldbruck (Kreis);Haus;Kauf
1.300.000 €;380 m²;Olching, Fürstenfeldbruck (Kreis);Haus;Kauf
698.000 €;130 m²;Germering, Fürstenfeldbruck (Kreis);Haus;Kauf
670.000 €;100 m²;Olching, Fürstenfeldbruck (Kreis);Haus;Kauf
699.000 €;120 m²;Germering, Fürstenfeldbruck (Kreis);Haus;Kauf
890.000 €;174,66 m²;Gröbenzell, Fürstenfeldbruck (Kreis);Haus;Kauf
839.000 €;130 m²;Eichenau, Fürstenfeldbruck (Kreis);Haus;Kauf
285.000 - 839.000 €;43,00 - 139,00 m²;Maisacher Straße 64a, Fürstenfeldbruck, Fürstenfeldbruck (Kreis);Haus;Kauf
1.290.000 €;179 m²;Gröbenzell, Fürstenfeldbruck (Kreis);Haus;Kauf
838.000 €;113 m²;Gröbenzell, Fürstenfeldbruck (Kreis);Haus;Kauf
743.000 - 1.093.000 €;120,92 - 175,54 m²;Puchheim, Fürstenfeldbruck (Kreis);Haus;Kauf
1.093.000 €;175,52 m²;Puchheim, Fürstenfeldbruck (Kreis);Haus;Kauf
648.000 €;120 m²;Maisach, Fürstenfeldbruck (Kreis);Haus;Kauf
648.000 €;120 m²;Maisach, Fürstenfeldbruck (Kreis);Haus;Kauf
648.000 €;120 m²;Maisach, Fürstenfeldbruck (Kreis);Haus;Kauf
2.700.000 €;400 m²;Dr. Rank Str. 6, Emmering, Fürstenfeldbruck (Kreis);Haus;Kauf
689.000 €;120 m²;Olching, Fürstenfeldbruck (Kreis);Haus;Kauf
689.000 €;120 m²;Maisach, Fürstenfeldbruck (Kreis);Haus;Kauf
490.000 €;121 m²;Gröbenzell, Fürstenfeldbruck (Kreis);Haus;Kauf
1.450.000 €;185 m²;Gröbenzell, Fürstenfeldbruck (Kreis);Haus;Kauf
544.444 €;120 m²;Fürstenfeldbruck, Fürstenfeldbruck (Kreis);Haus;Kauf
555.000 €;120 m²;Maisach, Fürstenfeldbruck (Kreis);Haus;Kauf
698.000 €;248 m²;Adelshofen, Fürstenfeldbruck (Kreis);Haus;Kauf
424.200 €;352 m²;Mittelstetten, Fürstenfeldbruck (Kreis);Haus;Kauf
2.980.000 €;256,79 m²;Germering, Fürstenfeldbruck (Kreis);Haus;Kauf
869.000 €;130 m²;Germering, Fürstenfeldbruck (Kreis);Haus;Kauf
1.547.000 €;270 m²;Puchheim, Fürstenfeldbruck (Kreis);Haus;Kauf
875.000 €;134 m²;Aubing, München;Haus;Kauf
5.200.000 €;475 m²;Starnberg, Starnberg (Kreis);Haus;Kauf
6.900.000 €;750 m²;Feldafing, Starnberg (Kreis);Haus;Kauf
1.125.000 €;212,52 m²;Haar, München (Kreis);Haus;Kauf
1.195.000 €;185 m²;Weßling, Starnberg (Kreis);Haus;Kauf
670.000 €;210 m²;Eurasburg, Aichach-Friedberg (Kreis);Haus;Kauf
1.080.000 €;138,28 m²;Ottobrunn, München (Kreis);Haus;Kauf
1.690.000 €;203 m²;Trudering, München;Haus;Kauf
1.100.000 €;154 m²;Hohenbrunn, München (Kreis);Haus;Kauf
3.550.000 €;229 m²;Grünwald, München (Kreis);Haus;Kauf
6.800.000 €;385 m²;Starnberg, Starnberg (Kreis);Haus;Kauf
989.000 - 1.059.000 €;150,00 - 150,00 m²;Zweigstraße 7, Karlsfeld, Dachau (Kreis);Haus;Kauf
795.000 €;135 m²;Karlsfeld, Dachau (Kreis);Haus;Kauf
1.017.600 €;641 m²;Altomünster, Dachau (Kreis);Haus;Kauf
769.000 €;165 m²;Dachau, Dachau (Kreis);Haus;Kauf
440.000 €;105,05 m²;Erdweg, Dachau (Kreis);Haus;Kauf
954.500 €;133 m²;Karlsfeld, Dachau (Kreis);Haus;Kauf
694.000 €;120 m²;Altomünster, Dachau (Kreis);Haus;Kauf
2.580.000 €;200 m²;Dachau, Dachau (Kreis);Haus;Kauf
954.500 €;131 m²;Karlsfeld, Dachau (Kreis);Haus;Kauf
749.000 €;145 m²;Dachau, Dachau (Kreis);Haus;Kauf
849.000 €;163 m²;Dachau, Dachau (Kreis);Haus;Kauf
565.000 €;155 m²;Weichs, Dachau (Kreis);Haus;Kauf
950.000 €;132 m²;Haimhausen, Dachau (Kreis);Haus;Kauf
898.000 €;587 m²;Röhrmoos, Dachau (Kreis);Haus;Kauf
718.400 €;320 m²;Dachau, Dachau (Kreis);Haus;Kauf
649.000 €;120 m²;Karlsfeld, Dachau (Kreis);Haus;Kauf
1.050.000 €;175 m²;Hermann-Böcker-Straße 8, Dachau, Dachau (Kreis);Haus;Kauf
625.000 €;140 m²;Vierkirchen, Dachau (Kreis);Haus;Kauf
628.000 €;92 m²;Wehrstaudenstrasse 33, Karlsfeld, Dachau (Kreis);Haus;Kauf
542.660 €;293 m²;Röhrmoos, Dachau (Kreis);Haus;Kauf
1.020.000 €;683 m²;Vierkirchen, Dachau (Kreis);Haus;Kauf
650.000 €;90 m²;Dachau, Dachau (Kreis);Haus;Kauf
770.000 €;191 m²;Haimhausen, Dachau (Kreis);Haus;Kauf
694.000 €;120 m²;Dachau, Dachau (Kreis);Haus;Kauf
498.000 €;120 m²;Weichs, Dachau (Kreis);Haus;Kauf
849.000 €;175 m²;Am Wirtsberg 7, Vierkirchen, Dachau (Kreis);Haus;Kauf
950.000 €;225 m²;Dachau, Dachau (Kreis);Haus;Kauf
949.000 €;587 m²;Röhrmoos, Dachau (Kreis);Haus;Kauf
280.000 €;73 m²;Moosweg XXXX, Haimhausen, Dachau (Kreis);Haus;Kauf
395.000 €;102,63 m²;Hilgertshausen-Tandern, Dachau (Kreis);Haus;Kauf
979.000 €;189 m²;Karlsfeld, Dachau (Kreis);Haus;Kauf
798.400 €;182 m²;Dachau, Dachau (Kreis);Haus;Kauf
949.000 €;173 m²;Bergkirchen, Dachau (Kreis);Haus;Kauf
1.350.000 €;226 m²;Hebertshausen, Dachau (Kreis);Haus;Kauf
1.250.000 €;170 m²;Dachau, Dachau (Kreis);Haus;Kauf
925.000 €;153,35 m²;Dachau, Dachau (Kreis);Haus;Kauf
606.000 €;151,85 m²;Am Wirtsberg 8, Markt Indersdorf, Dachau (Kreis);Haus;Kauf
596.000 €;141,8 m²;Am Wirtsberg 9, Markt Indersdorf, Dachau (Kreis);Haus;Kauf
860.000 €;120 m²;Dachau, Dachau (Kreis);Haus;Kauf
720.000 €;156 m²;Odelzhausen, Dachau (Kreis);Haus;Kauf
520.000 €;120 m²;Erdweg, Dachau (Kreis);Haus;Kauf
610.000 €;170,26 m²;Petershausen, Dachau (Kreis);Haus;Kauf
950.000 €;225 m²;Dachau, Dachau (Kreis);Haus;Kauf
679.000 €;125 m²;Röhrmoos, Dachau (Kreis);Haus;Kauf
799.000 €;142 m²;Dorfstr. 10, Dachau, Dachau (Kreis);Haus;Kauf
689.000 €;115 m²;Sulzemoos, Dachau (Kreis);Haus;Kauf
950.000 €;225 m²;Dachau, Dachau (Kreis);Haus;Kauf
690.000 €;325 m²;Dachau, Dachau (Kreis);Haus;Kauf
833.200 €;183 m²;Dachau, Dachau (Kreis);Haus;Kauf
778.200 €;182 m²;Dachau, Dachau (Kreis);Haus;Kauf
749.000 - 815.000 €;135,00 - 137,00 m²;Münchnerstraße 74a-j, Dachau, Dachau (Kreis);Haus;Kauf
799.000 €;130,76 m²;Dachau, Dachau (Kreis);Haus;Kauf
628.000 €;92 m²;Wehrstaudenstrasse 33, Karlsfeld, Dachau (Kreis);Haus;Kauf
745.000 €;118,4 m²;Karlsfeld, Dachau (Kreis);Haus;Kauf
480.000 €;76 m²;Karlsfeld, Dachau (Kreis);Haus;Kauf
839.000 €;265 m²;Hebertshausen, Dachau (Kreis);Haus;Kauf
629.000 €;136,23 m²;Marktstr. 24, Odelzhausen, Dachau (Kreis);Haus;Kauf
750.000 €;140 m²;Sulzemoos, Dachau (Kreis);Haus;Kauf
1.020.000 €;178 m²;Karlsfeld, Dachau (Kreis);Haus;Kauf
1.890.000 €;212,94 m²;Karlsfeld, Dachau (Kreis);Haus;Kauf
718.400 €;320 m²;Hebertshausen, Dachau (Kreis);Haus;Kauf
625.000 €;80 m²;Dachau, Dachau (Kreis);Haus;Kauf
765.000 €;150 m²;Odelzhausen, Dachau (Kreis);Haus;Kauf
765.000 €;147 m²;Odelzhausen, Dachau (Kreis);Haus;Kauf
675.000 €;140 m²;Vierkirchen, Dachau (Kreis);Haus;Kauf
980.000 €;135 m²;Dachau, Dachau (Kreis);Haus;Kauf
795.000 €;137 m²;Münchnerstraße 74a, Dachau, Dachau (Kreis);Haus;Kauf
639.000 €;120 m²;Petershausen, Dachau (Kreis);Haus;Kauf
1.690.000 €;152,1 m²;Dachau, Dachau (Kreis);Haus;Kauf
639.000 €;125,97 m²;Vierkirchen, Dachau (Kreis);Haus;Kauf
1.185.000 €;255 m²;Schwabhausen, Dachau (Kreis);Haus;Kauf
1.250.000 €;310 m²;Röhrmoos, Dachau (Kreis);Haus;Kauf
775.000 €;184 m²;Odelzhausen, Dachau (Kreis);Haus;Kauf
2.155.000 €;248,71 m²;Dachau, Dachau (Kreis);Haus;Kauf
765.000 €;135 m²;Münchnerstraße 74a, Dachau, Dachau (Kreis);Haus;Kauf
759.000 €;137 m²;Dachau, Dachau (Kreis);Haus;Kauf
799.000 €;137 m²;Dachau, Dachau (Kreis);Haus;Kauf
749.000 €;137 m²;Münchnerstraße 74a, Dachau, Dachau (Kreis);Haus;Kauf
1.049.000 €;165 m²;Thomas-Schwarz-Straße 47, Dachau, Dachau (Kreis);Haus;Kauf
599.000 €;133 m²;Pfaffenhofen an der Glonn, Dachau (Kreis);Haus;Kauf
779.000 - 799.000 €;155,00 - 157,00 m²;Odelzhausen, Dachau (Kreis);Haus;Kauf
690.000 €;288,55 m²;Hilgertshausen-Tandern, Dachau (Kreis);Haus;Kauf
6.500.000 €;1.422 m²;Mittermayerstraße 16+16a, Dachau, Dachau (Kreis);Haus;Kauf
875.000 €;134 m²;Aubing, München;Haus;Kauf
917.000 €;137,63 m²;Puchheim, Fürstenfeldbruck (Kreis);Haus;Kauf
1.125.000 €;212,52 m²;Haar, München (Kreis);Haus;Kauf
670.000 €;210 m²;Eurasburg, Aichach-Friedberg (Kreis);Haus;Kauf
1.080.000 €;138,28 m²;Ottobrunn, München (Kreis);Haus;Kauf
1.690.000 €;203 m²;Trudering, München;Haus;Kauf
1.100.000 €;154 m²;Hohenbrunn, München (Kreis);Haus;Kauf
996.000 €;149,1 m²;Germering, Fürstenfeldbruck (Kreis);Haus;Kauf
3.550.000 €;229 m²;Grünwald, München (Kreis);Haus;Kauf
1.772.800 €;535 m²;Trudering, München;Haus;Kauf
2.595.000 €;207,54 m²;Aubing, München;Haus;Kauf
1.027.500 €;125,82 m²;Am Mitterfeld Ecke Karotschstraße -, Trudering, München;Haus;Kauf
6.900.000 €;750 m²;Feldafing, Starnberg (Kreis);Haus;Kauf
1.195.000 €;185 m²;Weßling, Starnberg (Kreis);Haus;Kauf
6.800.000 €;385 m²;Starnberg, Starnberg (Kreis);Haus;Kauf
349.000 - 2.399.000 €;34,00 - 216,00 m²;Am Fendlbach 6, Herrsching am Ammersee, Starnberg (Kreis);Haus;Kauf
1.865.000 €;229 m²;Berg, Starnberg (Kreis);Haus;Kauf
299.500 - 899.500 €;51,00 - 156,00 m²;Andechs, Starnberg (Kreis);Haus;Kauf
950.000 €;155,16 m²;Herrsching am Ammersee, Starnberg (Kreis);Haus;Kauf
1.790.000 €;254 m²;Gauting, Starnberg (Kreis);Haus;Kauf
2.250.000 €;200 m²;Starnberg, Starnberg (Kreis);Haus;Kauf
762.000 €;155 m²;Andechs, Starnberg (Kreis);Haus;Kauf
1.250.000 €;171,53 m²;Krailling, Starnberg (Kreis);Haus;Kauf
1.650.000 €;270 m²;Gauting, Starnberg (Kreis);Haus;Kauf
1.484.699 €;575 m²;Berg, Starnberg (Kreis);Haus;Kauf
6.800.000 €;380 m²;Berg, Starnberg (Kreis);Haus;Kauf
1.395.000 €;161 m²;Berg, Starnberg (Kreis);Haus;Kauf
2.195.000 €;203 m²;Starnberg, Starnberg (Kreis);Haus;Kauf
2.450.000 €;340 m²;Seefeld, Starnberg (Kreis);Haus;Kauf
1.790.000 €;178 m²;Hechendorfer Str. 142, Herrsching am Ammersee, Starnberg (Kreis);Haus;Kauf
950 m²;33 Zi.33;Starnberg, Starnberg (Kreis);Haus;Kauf
2.490.000 €;320 m²;Seefeld, Starnberg (Kreis);Haus;Kauf
860.000 €;118 m²;Tutzing, Starnberg (Kreis);Haus;Kauf
1.150.000 €;146 m²;Tutzing, Starnberg (Kreis);Haus;Kauf
162 m²;5 Zi.5;Berg, Starnberg (Kreis);Haus;Kauf
3.650.000 €;220 m²;Tutzing, Starnberg (Kreis);Haus;Kauf
1.290.000 €;188 m²;Starnberg, Starnberg (Kreis);Haus;Kauf
995.000 €;215 m²;Am Waldhang 9, Gilching, Starnberg (Kreis);Haus;Kauf
1.870.000 €;234 m²;Krailling, Starnberg (Kreis);Haus;Kauf
1.610.000 €;256,6 m²;Starnberg, Starnberg (Kreis);Haus;Kauf
999.000 €;177 m²;Pütrichstraße 18, Gauting, Starnberg (Kreis);Haus;Kauf
9.200.000 €;520 m²;Starnberg, Starnberg (Kreis);Haus;Kauf
3.089.000 €;330 m²;Starnberg, Starnberg (Kreis);Haus;Kauf
1.570.000 €;249 m²;Starnberg, Starnberg (Kreis);Haus;Kauf
1.020.000 €;120 m²;Starnberg, Starnberg (Kreis);Haus;Kauf
1.539.699 €;644 m²;Berg, Starnberg (Kreis);Haus;Kauf
1.655.000 €;205 m²;Wörthsee, Starnberg (Kreis);Haus;Kauf
1.895.000 €;200 m²;Starnberg, Starnberg (Kreis);Haus;Kauf
850.000 €;210 m²;Tutzing, Starnberg (Kreis);Haus;Kauf
725.000 €;136,42 m²;Andechs, Starnberg (Kreis);Haus;Kauf
750.000 - 870.000 €;155,00 - 180,00 m²;Kesselweg 2, Andechs, Starnberg (Kreis);Haus;Kauf
3.650.000 €;210 m²;Starnberg, Starnberg (Kreis);Haus;Kauf
3.980.000 €;500 m²;Andechs, Starnberg (Kreis);Haus;Kauf
886.330 €;140,29 m²;Gilching, Starnberg (Kreis);Haus;Kauf
765.000 €;111 m²;Herrsching am Ammersee, Starnberg (Kreis);Haus;Kauf
1.099.000 €;164 m²;Gilching, Starnberg (Kreis);Haus;Kauf
2.280.000 €;263 m²;Herrsching am Ammersee, Starnberg (Kreis);Haus;Kauf
1.220.000 €;156 m²;Berg, Starnberg (Kreis);Haus;Kauf
830.000 €;177 m²;Gilching, Starnberg (Kreis);Haus;Kauf
398.900 - 469.900 €;54,20 - 65,60 m²;Margaretenstraße 28, Krailling, Starnberg (Kreis);Haus;Kauf
750.000 €;140 m²;Gauting, Starnberg (Kreis);Haus;Kauf
980.000 €;130 m²;Margaretenstr. 4d, Krailling, Starnberg (Kreis);Haus;Kauf
1.390.000 €;607 m²;Hauserstraße 40, Gauting, Starnberg (Kreis);Haus;Kauf
8.200.000 €;650 m²;Berg, Starnberg (Kreis);Haus;Kauf
1.585.000 €;204 m²;Seefeld, Starnberg (Kreis);Haus;Kauf
203 m²;7 Zi.7;Berg, Starnberg (Kreis);Haus;Kauf
1.250.000 €;147 m²;Berg, Starnberg (Kreis);Haus;Kauf
906.330 €;158,5 m²;Gilching, Starnberg (Kreis);Haus;Kauf
734.000 €;114 m²;Gilching, Starnberg (Kreis);Haus;Kauf
1.050.000 €;170 m²;Forstweg 4, Gauting, Starnberg (Kreis);Haus;Kauf
1.515.000 €;280 m²;Hechendorfer Straße 130, Herrsching am Ammersee, Starnberg (Kreis);Haus;Kauf
1.950.000 €;263 m²;Starnberg, Starnberg (Kreis);Haus;Kauf
1.030.000 €;166 m²;Pöcking, Starnberg (Kreis);Haus;Kauf
790.000 €;146 m²;Gilching, Starnberg (Kreis);Haus;Kauf
1.490.000 €;192 m²;Tutzing, Starnberg (Kreis);Haus;Kauf
890.000 €;123 m²;Gauting, Starnberg (Kreis);Haus;Kauf
1.650.000 €;229 m²;Seefeld, Starnberg (Kreis);Haus;Kauf
1.198.000 €;140,59 m²;Starnberg, Starnberg (Kreis);Haus;Kauf
2.690.000 €;387 m²;Seefeld, Starnberg (Kreis);Haus;Kauf
1.150.000 €;286,37 m²;Starnberg, Starnberg (Kreis);Haus;Kauf
1.550.000 €;215 m²;Gauting, Starnberg (Kreis);Haus;Kauf
2.600.000 €;160 m²;Pöcking, Starnberg (Kreis);Haus;Kauf
930.000 €;127 m²;Tutzing, Starnberg (Kreis);Haus;Kauf
420.000 €;240 m²;Schloßbergstrasse 2, Starnberg, Starnberg (Kreis);Haus;Kauf
270.000 €;72 m²;Starnberg, Starnberg (Kreis);Haus;Kauf
795.000 €;131 m²;Gauting, Starnberg (Kreis);Haus;Kauf
897.000 €;107 m²;Gauting, Starnberg (Kreis);Haus;Kauf
1.100.000 €;180 m²;Inning am Ammersee, Starnberg (Kreis);Haus;Kauf
639.000 €;152 m²;Drößlinger Straße 5, Andechs, Starnberg (Kreis);Haus;Kauf
949.000 €;165 m²;Pöcking, Starnberg (Kreis);Haus;Kauf
948.000 €;185,46 m²;Seefeld, Starnberg (Kreis);Haus;Kauf
1.150.000 €;150 m²;Gauting, Starnberg (Kreis);Haus;Kauf
1.525.000 €;800 m²;Krailling, Starnberg (Kreis);Haus;Kauf
2.249.000 €;230 m²;Starnberg, Starnberg (Kreis);Haus;Kauf
1.275.000 €;260 m²;Starnberg, Starnberg (Kreis);Haus;Kauf
1.275.000 €;260 m²;Starnberg, Starnberg (Kreis);Haus;Kauf
3.249.500 €;435 m²;Gauting, Starnberg (Kreis);Haus;Kauf
1.249.000 €;160 m²;Starnberg, Starnberg (Kreis);Haus;Kauf
2.200.000 €;250,2 m²;Starnberg, Starnberg (Kreis);Haus;Kauf
1.300.000 €;230 m²;Starnberg, Starnberg (Kreis);Haus;Kauf
1.280.000 €;175 m²;Weßling, Starnberg (Kreis);Haus;Kauf
1.150.000 €;164,1 m²;Gauting, Starnberg (Kreis);Haus;Kauf
929.000 €;134,31 m²;Herrsching am Ammersee, Starnberg (Kreis);Haus;Kauf
1.034.000 €;131,77 m²;Herrsching am Ammersee, Starnberg (Kreis);Haus;Kauf
890.000 €;180,54 m²;Tutzing, Starnberg (Kreis);Haus;Kauf
1.245.000 €;170 m²;Eduard Kandl Str. 32, Herrsching am Ammersee, Starnberg (Kreis);Haus;Kauf
1.280.000 €;199 m²;Gilching, Starnberg (Kreis);Haus;Kauf
849.500 €;149,36 m²;Steinrinnenweg 0, Andechs, Starnberg (Kreis);Haus;Kauf
895.000 €;128 m²;Starnberg, Starnberg (Kreis);Haus;Kauf
2.500.000 €;252 m²;Herrsching am Ammersee, Starnberg (Kreis);Haus;Kauf
1.400.000 €;186,73 m²;Herrsching am Ammersee, Starnberg (Kreis);Haus;Kauf
1.330.000 €;193,2 m²;Herrsching am Ammersee, Starnberg (Kreis);Haus;Kauf
1.300.000 €;187,11 m²;Herrsching am Ammersee, Starnberg (Kreis);Haus;Kauf
1.240.000 €;193,18 m²;Herrsching am Ammersee, Starnberg (Kreis);Haus;Kauf
1.300.000 €;193,33 m²;Herrsching am Ammersee, Starnberg (Kreis);Haus;Kauf
1.140.000 €;190,73 m²;Herrsching am Ammersee, Starnberg (Kreis);Haus;Kauf
685.000 €;120 m²;Inning am Ammersee, Starnberg (Kreis);Haus;Kauf
4.650.000 €;353 m²;Starnberg, Starnberg (Kreis);Haus;Kauf
1.870.000 €;234 m²;Krailling, Starnberg (Kreis);Haus;Kauf
1.295.000 €;147 m²;Amselweg 5, Wörthsee, Starnberg (Kreis);Haus;Kauf
1.350.000 €;189,48 m²;Berg, Starnberg (Kreis);Haus;Kauf
698.900 €;291 m²;Starnberg, Starnberg (Kreis);Haus;Kauf
1.540.000 €;157 m²;Krailling, Starnberg (Kreis);Haus;Kauf
1.790.000 €;207 m²;Krailling, Starnberg (Kreis);Haus;Kauf
258 m²;8 Zi.8;Inning am Ammersee, Starnberg (Kreis);Haus;Kauf
769.000 €;124 m²;Andechs, Starnberg (Kreis);Haus;Kauf
1.295.000 €;220 m²;Starnberg, Starnberg (Kreis);Haus;Kauf
2.600.000 €;292,9 m²;Gauting, Starnberg (Kreis);Haus;Kauf
1.190.000 €;293 m²;Tutzing, Starnberg (Kreis);Haus;Kauf
2.249.000 €;230 m²;Herrsching am Ammersee, Starnberg (Kreis);Haus;Kauf
2.980.000 €;296 m²;Starnberg, Starnberg (Kreis);Haus;Kauf
997.000 €;148,21 m²;Krailling, Starnberg (Kreis);Haus;Kauf
649.000 €;106 m²;Görbelmoosweg 19, Gilching, Starnberg (Kreis);Haus;Kauf
1.190.000 €;206,07 m²;Gilching, Starnberg (Kreis);Haus;Kauf
5.900.000 €;530 m²;Starnberg, Starnberg (Kreis);Haus;Kauf
995.000 €;590 m²;Gilching, Starnberg (Kreis);Haus;Kauf
1.095.000 €;135 m²;Gilching, Starnberg (Kreis);Haus;Kauf
1.145.000 €;140 m²;Starnberg, Starnberg (Kreis);Haus;Kauf
1.100.000 €;290 m²;Pilsenseestraße 1, Seefeld, Starnberg (Kreis);Haus;Kauf
5.600.000 €;120 m²;Inning am Ammersee, Starnberg (Kreis);Haus;Kauf
1.200.000 €;120,77 m²;Gauting, Starnberg (Kreis);Haus;Kauf
1.150.000 €;156 m²;Starnberg, Starnberg (Kreis);Haus;Kauf
2.400.000 €;245 m²;Starnberg, Starnberg (Kreis);Haus;Kauf
1.050.000 €;440 m²;Herrsching am Ammersee, Starnberg (Kreis);Haus;Kauf
1.060.000 €;157 m²;Gilching, Starnberg (Kreis);Haus;Kauf
1.395.000 €;200 m²;Starnberg, Starnberg (Kreis);Haus;Kauf
1.124.998,79 €;480 m²;Berg, Starnberg (Kreis);Haus;Kauf
1.199.000 €;141 m²;Gauting, Starnberg (Kreis);Haus;Kauf
1.099.000 €;151 m²;Gauting, Starnberg (Kreis);Haus;Kauf
899.000 €;143 m²;Gauting, Starnberg (Kreis);Haus;Kauf
880.000 €;209 m²;Gilching, Starnberg (Kreis);Haus;Kauf
2.040.000 €;260 m²;Gauting, Starnberg (Kreis);Haus;Kauf
685.000 €;152 m²;Starnberg, Starnberg (Kreis);Haus;Kauf
675.000 €;182 m²;Gilching, Starnberg (Kreis);Haus;Kauf
1.975.000 €;250 m²;Berg, Starnberg (Kreis);Haus;Kauf
680.000 €;122,66 m²;Wörthsee, Starnberg (Kreis);Haus;Kauf
1.790.000 €;250 m²;Starnberg, Starnberg (Kreis);Haus;Kauf
1.690.000 €;212 m²;Starnberg, Starnberg (Kreis);Haus;Kauf
1.334.740 €;633 m²;Gauting, Starnberg (Kreis);Haus;Kauf
799.900 €;152 m²;Am Waldhang 31, Gilching, Starnberg (Kreis);Haus;Kauf
1.680.000 €;195 m²;Starnberg, Starnberg (Kreis);Haus;Kauf
1.850.000 €;270 m²;Gauting, Starnberg (Kreis);Haus;Kauf
1.390.000 €;607 m²;Hauserstraße 40, Gauting, Starnberg (Kreis);Haus;Kauf
1.800.000 €;250 m²;Am Kranzlberg 6, Berg, Starnberg (Kreis);Haus;Kauf
1.290.000 €;216 m²;Pähl, Weilheim-Schongau (Kreis);Haus;Kauf
917.000 €;137,63 m²;Puchheim, Fürstenfeldbruck (Kreis);Haus;Kauf
1.125.000 €;212,52 m²;Haar, München (Kreis);Haus;Kauf
1.450.000 €;260,04 m²;Rudelzhausen, Freising (Kreis);Haus;Kauf
990.000 €;145 m²;Freising, Freising (Kreis);Haus;Kauf
569.000 €;226 m²;Nandlstadt, Freising (Kreis);Haus;Kauf
949.000 €;305 m²;Hörgertshausen, Freising (Kreis);Haus;Kauf
1.298.000 €;283 m²;Neufahrn bei Freising, Freising (Kreis);Haus;Kauf
1.450.000 €;260,03 m²;Rudelzhausen, Freising (Kreis);Haus;Kauf
558.000 €;500 m²;Hohenkammer, Freising (Kreis);Haus;Kauf
799.000 €;355 m²;Hohenkammer, Freising (Kreis);Haus;Kauf
820.000 €;156 m²;Paunzhausen, Freising (Kreis);Haus;Kauf
647.000 €;190 m²;Hopfenstrasse 7, Attenkirchen, Freising (Kreis);Haus;Kauf
748.000 €;193 m²;Inkofener Str. 18, Haag an der Amper, Freising (Kreis);Haus;Kauf
562.000 €;153 m²;Am Hang 10, Neufahrn bei Freising, Freising (Kreis);Haus;Kauf
799.000 €;423 m²;Am Straßfeld 5, Freising, Freising (Kreis);Haus;Kauf
485.000 €;260 m²;Nandlstadt, Freising (Kreis);Haus;Kauf
1.490.000 €;550 m²;Münchner Straße 3, Kirchdorf an der Amper, Freising (Kreis);Haus;Kauf
898.000 - 934.000 €;134,00 - 135,00 m²;Anna-Wimschneider-Str. 1, Neufahrn bei Freising, Freising (Kreis);Haus;Kauf
129.000 - 662.000 €;30,00 - 141,00 m²;Freising, Freising (Kreis);Haus;Kauf
799.000 €;165,66 m²;Langenbach, Freising (Kreis);Haus;Kauf
293.877 €;280 m²;Au in der Hallertau, Freising (Kreis);Haus;Kauf
525.000 €;194 m²;Thalbacher Straße xxx, Moosburg an der Isar, Freising (Kreis);Haus;Kauf
422.818 €;500 m²;Paunzhausen, Freising (Kreis);Haus;Kauf
378.599 €;400 m²;Nandlstadt, Freising (Kreis);Haus;Kauf
606.000 €;132 m²;Ährenweg xxx, Neufahrn bei Freising, Freising (Kreis);Haus;Kauf
1.110.000 €;188 m²;Hallbergmoos, Freising (Kreis);Haus;Kauf
558.000 €;500 m²;Hohenkammer, Freising (Kreis);Haus;Kauf
440.000 €;136 m²;Hauptstraße XXXX, Mauern, Freising (Kreis);Haus;Kauf
890.000 €;160 m²;Neufahrn bei Freising, Freising (Kreis);Haus;Kauf
430.000 €;292 m²;am Pfarrpfründeweg 12, Au in der Hallertau, Freising (Kreis);Haus;Kauf
2.500.000 €;416 m²;Neufahrn bei Freising, Freising (Kreis);Haus;Kauf
579.900 €;280 m²;Moosburg an der Isar, Freising (Kreis);Haus;Kauf
275.000 - 737.500 €;52,00 - 164,00 m²;Egerlandstraße 19 a, Moosburg an der Isar, Freising (Kreis);Haus;Kauf
648.000 - 837.000 €;164,00 - 218,00 m²;Inkofener Str. 18, Haag an der Amper, Freising (Kreis);Haus;Kauf
725.500 €;140 m²;Im Leger 0, Fahrenzhausen, Freising (Kreis);Haus;Kauf
689.000 €;117,13 m²;Kranzberg, Freising (Kreis);Haus;Kauf
1.199.000 €;160 m²;Auweg 2, Eching, Freising (Kreis);Haus;Kauf
1.290.000 €;110 m²;Neufahrn bei Freising, Freising (Kreis);Haus;Kauf
775.000 €;190 m²;Attenkirchen, Freising (Kreis);Haus;Kauf
298.829 €;280 m²;Au in der Hallertau, Freising (Kreis);Haus;Kauf
720.000 €;120 m²;Allershausen, Freising (Kreis);Haus;Kauf
2.099.000 €;414 m²;Carl-Diem-Straße 11 A, Neufahrn bei Freising, Freising (Kreis);Haus;Kauf
625.000 €;150 m²;Moosburg an der Isar, Freising (Kreis);Haus;Kauf
729.500 €;119,11 m²;Neufahrn bei Freising, Freising (Kreis);Haus;Kauf
769.000 €;142,47 m²;Hallbergmoos, Freising (Kreis);Haus;Kauf
1.580.000 €;398 m²;Freising, Freising (Kreis);Haus;Kauf
495.000 €;153 m²;Au in der Hallertau, Freising (Kreis);Haus;Kauf
1.000.000 €;220 m²;Hallbergmoos, Freising (Kreis);Haus;Kauf
367.169 €;500 m²;Rudelzhausen, Freising (Kreis);Haus;Kauf
719.000 €;115 m²;Eching, Freising (Kreis);Haus;Kauf
1.490.000 €;336,8 m²;Hallbergmoos, Freising (Kreis);Haus;Kauf
1.050.000 €;410 m²;Zolling, Freising (Kreis);Haus;Kauf
504.900 - 579.900 €;132,00 - 148,00 m²;Orionstraße 19, Moosburg an der Isar, Freising (Kreis);Haus;Kauf
780.000 €;180 m²;Haag an der Amper, Freising (Kreis);Haus;Kauf
549.000 €;119,98 m²;Hohenkammer, Freising (Kreis);Haus;Kauf
869.000 €;310 m²;Au in der Hallertau, Freising (Kreis);Haus;Kauf
949.000 €;250 m²;Nandlstadt, Freising (Kreis);Haus;Kauf
299.500 €;156 m²;Rudelzhausen, Freising (Kreis);Haus;Kauf
930.000 €;226,6 m²;Marzling, Freising (Kreis);Haus;Kauf
850.000 €;340 m²;Au in der Hallertau, Freising (Kreis);Haus;Kauf
690.000 €;143 m²;Eching, Freising (Kreis);Haus;Kauf
775.000 €;230 m²;Rudelzhausen, Freising (Kreis);Haus;Kauf
689.000 €;117,13 m²;Kranzberg, Freising (Kreis);Haus;Kauf
266.000 €;140 m²;Au in der Hallertau, Freising (Kreis);Haus;Kauf
586.343,90 €;791 m²;Au in der Hallertau, Freising (Kreis);Haus;Kauf
1.190.000 €;131,28 m²;Eching, Freising (Kreis);Haus;Kauf
1.190.000 €;131,28 m²;Eching, Freising (Kreis);Haus;Kauf
549.000 €;165,15 m²;Wang, Freising (Kreis);Haus;Kauf
1.540.000 €;230 m²;Wilhelm-Busch-Str. 4, Neufahrn bei Freising, Freising (Kreis);Haus;Kauf
1.395.000 €;227 m²;Wilhelm-Busch-Straße 4, Neufahrn bei Freising, Freising (Kreis);Haus;Kauf
690.000 €;119,75 m²;Freising, Freising (Kreis);Haus;Kauf
649.000 €;174 m²;Wolfersdorf, Freising (Kreis);Haus;Kauf
769.000 €;182 m²;Freising, Freising (Kreis);Haus;Kauf
839.000 €;134 m²;Freising, Freising (Kreis);Haus;Kauf
550.000 €;148 m²;Freising, Freising (Kreis);Haus;Kauf
680.000 €;180 m²;Moosburg an der Isar, Freising (Kreis);Haus;Kauf
469.000 €;143 m²;Zolling, Freising (Kreis);Haus;Kauf
549.000 €;105 m²;Siedlerstr. 10 a, Eching, Freising (Kreis);Haus;Kauf
1.265.000 €;224,7 m²;Freising, Freising (Kreis);Haus;Kauf
1.290.000 €;289 m²;An der Moosach 2, Neufahrn bei Freising, Freising (Kreis);Haus;Kauf
1.190.000 €;290 m²;Nandlstadt, Freising (Kreis);Haus;Kauf
1.125.000 €;212,52 m²;Haar, München (Kreis);Haus;Kauf
1.080.000 €;138,28 m²;Ottobrunn, München (Kreis);Haus;Kauf
1.100.000 €;154 m²;Hohenbrunn, München (Kreis);Haus;Kauf
3.550.000 €;229 m²;Grünwald, München (Kreis);Haus;Kauf
1.100.000 €;146 m²;Karlsfeld, Dachau (Kreis);Haus;Kauf
2.690.000 €;293,55 m²;Grasbrunn, München (Kreis);Haus;Kauf
989.000 - 1.059.000 €;150,00 - 150,00 m²;Zweigstraße 7, Karlsfeld, Dachau (Kreis);Haus;Kauf
795.000 €;135 m²;Karlsfeld, Dachau (Kreis);Haus;Kauf
1.585.000 €;248 m²;Straßlach-Dingharting, München (Kreis);Haus;Kauf
559.000 €;205 m²;Pfeffenhausen, Landshut (Kreis);Haus;Kauf
2.400.000 €;239 m²;Grünwald, München (Kreis);Haus;Kauf
1.017.600 €;641 m²;Altomünster, Dachau (Kreis);Haus;Kauf
690.000 €;181 m²;Reichertshofen, Pfaffenhofen an der Ilm (Kreis);Haus;Kauf
1.850.000 €;240 m²;Grünwald, München (Kreis);Haus;Kauf
669.000 €;608 m²;Baar-Ebenhausen, Pfaffenhofen an der Ilm (Kreis);Haus;Kauf
861.400 €;500 m²;Pfaffenhofen an der Ilm, Pfaffenhofen an der Ilm (Kreis);Haus;Kauf
1.125.000 €;208 m²;Taufkirchen (Vils), Erding (Kreis);Haus;Kauf
590.000 €;444 m²;Lengdorf, Erding (Kreis);Haus;Kauf
825.000 €;147,5 m²;Forstern, Erding (Kreis);Haus;Kauf
1.195.000 €;260 m²;Steinkirchen, Erding (Kreis);Haus;Kauf
590.000 €;254 m²;Taufkirchen (Vils), Erding (Kreis);Haus;Kauf
719.000 €;182 m²;Erding, Erding (Kreis);Haus;Kauf
1.299.000 €;160 m²;Dorfen, Erding (Kreis);Haus;Kauf
969.000 €;235 m²;Pastetten, Erding (Kreis);Haus;Kauf
388.000 €;133 m²;Taufkirchen (Vils), Erding (Kreis);Haus;Kauf
1.147.000 €;1.100 m²;Taufkirchen (Vils), Erding (Kreis);Haus;Kauf
848.000 €;240,68 m²;Forstern, Erding (Kreis);Haus;Kauf
696.000 €;170 m²;Oberding, Erding (Kreis);Haus;Kauf
731.153 - 785.467 €;156,00 - 156,00 m²;Wenzelberg 20a, Oberding, Erding (Kreis);Haus;Kauf
298.305 - 770.420 €;55,00 - 164,00 m²;Sonnenstrasse 7a, Moosinning, Erding (Kreis);Haus;Kauf
899.000 €;120 m²;Erding, Erding (Kreis);Haus;Kauf
760.000 €;257 m²;Erdinger Str. 14, Fraunberg, Erding (Kreis);Haus;Kauf
880.000 €;131,36 m²;Erding, Erding (Kreis);Haus;Kauf
690.000 €;126 m²;Erding, Erding (Kreis);Haus;Kauf
1.295.000 €;222 m²;Ottenhofen, Erding (Kreis);Haus;Kauf
749.000 €;173,15 m²;Isen, Erding (Kreis);Haus;Kauf
649.000 €;112 m²;Dorfen, Erding (Kreis);Haus;Kauf
549.000 €;142 m²;Dorfen, Erding (Kreis);Haus;Kauf
460.800 €;480 m²;Dorfen, Erding (Kreis);Haus;Kauf
757.000 €;160 m²;Wörth, Erding (Kreis);Haus;Kauf
899.000 €;240 m²;Sankt Wolfgang, Erding (Kreis);Haus;Kauf
1.100.000 €;215,65 m²;Dorfen, Erding (Kreis);Haus;Kauf
907.000 €;783 m²;Isen, Erding (Kreis);Haus;Kauf
780.000 €;231 m²;Wörth, Erding (Kreis);Haus;Kauf
980.000 €;258 m²;Finsing, Erding (Kreis);Haus;Kauf
749.000 €;132 m²;Buch am Buchrain, Erding (Kreis);Haus;Kauf
599.000 €;135 m²;Taufkirchen (Vils), Erding (Kreis);Haus;Kauf
599.000 €;135 m²;Taufkirchen (Vils), Erding (Kreis);Haus;Kauf
650.000 €;538 m²;Lengdorf, Erding (Kreis);Haus;Kauf
1.100.000 €;198 m²;Eitting, Erding (Kreis);Haus;Kauf
499.000 €;140 m²;Isen, Erding (Kreis);Haus;Kauf
612.000 €;210 m²;Fraunberg, Erding (Kreis);Haus;Kauf
987.000 €;285 m²;Erding, Erding (Kreis);Haus;Kauf
649.000 €;140 m²;Isen, Erding (Kreis);Haus;Kauf
599.000 €;140 m²;Erding, Erding (Kreis);Haus;Kauf
590.000 €;118 m²;Lengdorf, Erding (Kreis);Haus;Kauf
585.000 €;141 m²;Ulrichstraße 8, Isen, Erding (Kreis);Haus;Kauf
299.000 €;145 m²;Dorfen, Erding (Kreis);Haus;Kauf
1.125.000 €;212,52 m²;Haar, München (Kreis);Haus;Kauf
1.080.000 €;138,28 m²;Ottobrunn, München (Kreis);Haus;Kauf
368.400 - 977.900 €;45,00 - 145,00 m²;Birkenweg 34, Vaterstetten, Ebersberg (Kreis);Haus;Kauf
1.100.000 €;154 m²;Hohenbrunn, München (Kreis);Haus;Kauf
1.375.000 €;210,84 m²;Kirchseeon, Ebersberg (Kreis);Haus;Kauf
3.550.000 €;229 m²;Grünwald, München (Kreis);Haus;Kauf
590.000 €;310 m²;Mühldorf am Inn, Mühldorf am Inn (Kreis);Haus;Kauf
2.690.000 €;293,55 m²;Grasbrunn, München (Kreis);Haus;Kauf
1.148.000 €;166 m²;Vaterstetten, Ebersberg (Kreis);Haus;Kauf
990.000 €;150,04 m²;Vaterstetten, Ebersberg (Kreis);Haus;Kauf
1.585.000 €;248 m²;Straßlach-Dingharting, München (Kreis);Haus;Kauf
559.000 €;205 m²;Pfeffenhausen, Landshut (Kreis);Haus;Kauf
2.400.000 €;239 m²;Grünwald, München (Kreis);Haus;Kauf
620.000 €;120 m²;Birkenweg 5, Vaterstetten, Ebersberg (Kreis);Haus;Kauf
499.000 €;160 m²;Moosburg an der Isar, Freising (Kreis);Haus;Kauf
1.375.000 €;210,84 m²;Kirchseeon, Ebersberg (Kreis);Haus;Kauf
1.148.000 €;166 m²;Vaterstetten, Ebersberg (Kreis);Haus;Kauf
990.000 €;150,04 m²;Vaterstetten, Ebersberg (Kreis);Haus;Kauf
620.000 €;120 m²;Birkenweg 5, Vaterstetten, Ebersberg (Kreis);Haus;Kauf
985.000 €;126 m²;Vaterstetten, Ebersberg (Kreis);Haus;Kauf
1.499.000 €;218 m²;Egmating, Ebersberg (Kreis);Haus;Kauf
945.000 €;200 m²;Hohenlinden, Ebersberg (Kreis);Haus;Kauf
1.590.000 €;173 m²;Vaterstetten, Ebersberg (Kreis);Haus;Kauf
699.000 €;129 m²;Pliening, Ebersberg (Kreis);Haus;Kauf
1.299.900 - 1.299.900 €;183,00 - 183,00 m²;Johann-Strauß-Straße 4, Vaterstetten, Ebersberg (Kreis);Haus;Kauf
950.000 €;175 m²;Vaterstetten, Ebersberg (Kreis);Haus;Kauf
1.290.000 €;160 m²;Vaterstetten, Ebersberg (Kreis);Haus;Kauf
924.000 €;193 m²;Forstinning, Ebersberg (Kreis);Haus;Kauf
3.750.000 €;439 m²;Vaterstetten, Ebersberg (Kreis);Haus;Kauf
3.230.000 €;426,72 m²;Vaterstetten, Ebersberg (Kreis);Haus;Kauf
558.000 €;104 m²;Ebersberg, Ebersberg (Kreis);Haus;Kauf
1.600.000 €;180 m²;Ebersberg, Ebersberg (Kreis);Haus;Kauf
1.795.000 €;291,32 m²;Goldregenweg 1, Vaterstetten, Ebersberg (Kreis);Haus;Kauf
590.000 €;100 m²;Grafing bei München, Ebersberg (Kreis);Haus;Kauf
2.479.000 €;265 m²;Vaterstetten, Ebersberg (Kreis);Haus;Kauf
1.144.000 €;156 m²;Markt Schwaben, Ebersberg (Kreis);Haus;Kauf
729.000 €;174 m²;Ebersberg, Ebersberg (Kreis);Haus;Kauf
818.000 €;133 m²;Zorneding, Ebersberg (Kreis);Haus;Kauf
925.000 €;212,31 m²;Osterseeon 3g, Kirchseeon, Ebersberg (Kreis);Haus;Kauf
795.000 €;145,44 m²;Osterseeon 3f, Kirchseeon, Ebersberg (Kreis);Haus;Kauf
925.000 €;150 m²;Vaterstetten, Ebersberg (Kreis);Haus;Kauf
2.479.000 €;265 m²;Vaterstetten, Ebersberg (Kreis);Haus;Kauf
875.000 €;167 m²;Fuchsweg 102, Vaterstetten, Ebersberg (Kreis);Haus;Kauf
1.175.000 €;197 m²;Pliening, Ebersberg (Kreis);Haus;Kauf
1.073.000 €;219 m²;Anzing, Ebersberg (Kreis);Haus;Kauf
1.100.000 €;176 m²;Kirchseeon, Ebersberg (Kreis);Haus;Kauf
890.000 €;260 m²;Hohenlinden, Ebersberg (Kreis);Haus;Kauf
1.125.000 €;140 m²;Vaterstetten, Ebersberg (Kreis);Haus;Kauf
995.000 €;139 m²;Vaterstetten, Ebersberg (Kreis);Haus;Kauf
869.000 €;141 m²;Vaterstetten, Ebersberg (Kreis);Haus;Kauf
989.000 €;140 m²;Vaterstetten, Ebersberg (Kreis);Haus;Kauf
1.780.000 €;225,62 m²;Vaterstetten, Ebersberg (Kreis);Haus;Kauf
799.000 €;270 m²;Am Mitterfeld 0, Egmating, Ebersberg (Kreis);Haus;Kauf
1.390.000 €;213 m²;Vaterstetten, Ebersberg (Kreis);Haus;Kauf
883.500 €;123 m²;Marienstr. 11, Grafing bei München, Ebersberg (Kreis);Haus;Kauf
963.500 €;123 m²;Marienstr. 11, Grafing bei München, Ebersberg (Kreis);Haus;Kauf
1.990.000 €;294 m²;Fichtenweg 13, Vaterstetten, Ebersberg (Kreis);Haus;Kauf
2.200.000 €;382 m²;Poing, Ebersberg (Kreis);Haus;Kauf
995.000 €;147 m²;Fichtenweg 13, Vaterstetten, Ebersberg (Kreis);Haus;Kauf
995.000 €;147 m²;Fichtenweg 13, Vaterstetten, Ebersberg (Kreis);Haus;Kauf
1.144.000 €;156 m²;Markt Schwaben, Ebersberg (Kreis);Haus;Kauf
970.000 €;120 m²;Grafing bei München, Ebersberg (Kreis);Haus;Kauf
420.000 €;100 m²;Ebersberg, Ebersberg (Kreis);Haus;Kauf
785.000 €;125 m²;Poing, Ebersberg (Kreis);Haus;Kauf
790.000 €;123 m²;Zorneding, Ebersberg (Kreis);Haus;Kauf
920.000 €;182 m²;Pliening, Ebersberg (Kreis);Haus;Kauf
2.198.000 €;618 m²;Vaterstetten, Ebersberg (Kreis);Haus;Kauf
876.000 €;160 m²;Markt Schwaben, Ebersberg (Kreis);Haus;Kauf
1.090.000 €;145 m²;Vaterstetten, Ebersberg (Kreis);Haus;Kauf
690.000 €;175 m²;Grafing bei München, Ebersberg (Kreis);Haus;Kauf
1.250.000 €;160 m²;Ebersberg, Ebersberg (Kreis);Haus;Kauf
668.000 €;150 m²;Forstinning, Ebersberg (Kreis);Haus;Kauf
950.000 €;247 m²;Aßling, Ebersberg (Kreis);Haus;Kauf
630.000 €;115 m²;Poing, Ebersberg (Kreis);Haus;Kauf
4.299.390 €;400 m²;Vaterstetten, Ebersberg (Kreis);Haus;Kauf
4.079.390 €;300 m²;Vaterstetten, Ebersberg (Kreis);Haus;Kauf
2.316.500 €;210 m²;Vaterstetten, Ebersberg (Kreis);Haus;Kauf
1.060.000 €;196 m²;Anzing, Ebersberg (Kreis);Haus;Kauf
965.000 €;188 m²;Ebersberg, Ebersberg (Kreis);Haus;Kauf
949.000 €;140 m²;Pliening, Ebersberg (Kreis);Haus;Kauf
950.000 €;800 m²;Egmating, Ebersberg (Kreis);Haus;Kauf
1.140.000 €;144,22 m²;Vaterstetten, Ebersberg (Kreis);Haus;Kauf
1.099.500 €;132,46 m²;Vaterstetten, Ebersberg (Kreis);Haus;Kauf
1.065.000 €;146 m²;Pliening, Ebersberg (Kreis);Haus;Kauf
847.000 €;145 m²;Pliening, Ebersberg (Kreis);Haus;Kauf
2.900.000 €;427 m²;Vaterstetten, Ebersberg (Kreis);Haus;Kauf
986.000 €;941 m²;Kirchseeon, Ebersberg (Kreis);Haus;Kauf
977.900 €;144,28 m²;Birkenweg 17, Vaterstetten, Ebersberg (Kreis);Haus;Kauf
1.878.000 €;211 m²;Vaterstetten, Ebersberg (Kreis);Haus;Kauf
859.000 €;153,65 m²;Markt Schwaben, Ebersberg (Kreis);Haus;Kauf
2.700.000 €;280 m²;Vaterstetten, Ebersberg (Kreis);Haus;Kauf
429.000 €;88 m²;Ebersberg, Ebersberg (Kreis);Haus;Kauf
299.000 €;86 m²;Frauenneuharting, Ebersberg (Kreis);Haus;Kauf
845.000 €;454,5 m²;Egmating, Ebersberg (Kreis);Haus;Kauf
1.223.000 €;122 m²;Vaterstetten, Ebersberg (Kreis);Haus;Kauf
1.034.000 €;122 m²;Vaterstetten, Ebersberg (Kreis);Haus;Kauf
947.900 €;142,02 m²;Birkenweg 17, Vaterstetten, Ebersberg (Kreis);Haus;Kauf
1.190.000 €;200 m²;Ebersberg, Ebersberg (Kreis);Haus;Kauf
947.900 €;142,09 m²;Birkenweg 17, Vaterstetten, Ebersberg (Kreis);Haus;Kauf
598.000 €;105 m²;Ebersberg, Ebersberg (Kreis);Haus;Kauf
1.368.000 €;173 m²;Grafing bei München, Ebersberg (Kreis);Haus;Kauf
1.500.000 €;365 m²;Grafing bei München, Ebersberg (Kreis);Haus;Kauf
783.000 €;240 m²;Grafing bei München, Ebersberg (Kreis);Haus;Kauf
845.000 €;147,09 m²;Markt Schwaben, Ebersberg (Kreis);Haus;Kauf
2.050.000 €;270 m²;Vaterstetten, Ebersberg (Kreis);Haus;Kauf
1.499.000 €;382 m²;Forstinning, Ebersberg (Kreis);Haus;Kauf
1.125.000 €;212,52 m²;Haar, München (Kreis);Haus;Kauf
2.498.000 €;500 m²;Aschau im Chiemgau, Rosenheim (Kreis);Haus;Kauf
1.080.000 €;138,28 m²;Ottobrunn, München (Kreis);Haus;Kauf
1.100.000 €;154 m²;Hohenbrunn, München (Kreis);Haus;Kauf
1.080.000 €;138,28 m²;Ottobrunn, München (Kreis);Haus;Kauf
1.100.000 €;154 m²;Hohenbrunn, München (Kreis);Haus;Kauf
3.550.000 €;229 m²;Grünwald, München (Kreis);Haus;Kauf
2.690.000 €;293,55 m²;Grasbrunn, München (Kreis);Haus;Kauf
1.585.000 €;248 m²;Straßlach-Dingharting, München (Kreis);Haus;Kauf
2.400.000 €;239 m²;Grünwald, München (Kreis);Haus;Kauf
1.850.000 €;240 m²;Grünwald, München (Kreis);Haus;Kauf
1.350.000 €;225 m²;Schäftlarn, München (Kreis);Haus;Kauf
870.000 €;140 m²;Pullach im Isartal, München (Kreis);Haus;Kauf
3.490.000 €;315 m²;Gräfelfing, München (Kreis);Haus;Kauf
208.900 - 879.900 €;29,00 - 132,00 m²;Herzogstandstraße RH E, Haar, München (Kreis);Haus;Kauf
1.275.000 €;182 m²;Unterschleißheim, München (Kreis);Haus;Kauf
454 m²;9 Zi.9;Grünwald, München (Kreis);Haus;Kauf
1.610.000 €;190 m²;Grünwald, München (Kreis);Haus;Kauf
2.080.000 €;211 m²;Straßlach-Dingharting, München (Kreis);Haus;Kauf
4.700.000 €;278,03 m²;Grünwald, München (Kreis);Haus;Kauf
1.198.000 €;153,87 m²;Neubiberg, München (Kreis);Haus;Kauf
12.300.000 €;458 m²;Grünwald, München (Kreis);Haus;Kauf
1.060.000 €;158,5 m²;Neuried, München (Kreis);Haus;Kauf
1.890.000 €;204 m²;Grünwald, München (Kreis);Haus;Kauf
1.068.000 €;153 m²;Haar, München (Kreis);Haus;Kauf
1.367.000 €;180 m²;Grasbrunn, München (Kreis);Haus;Kauf
1.327.000 €;180 m²;Grasbrunn, München (Kreis);Haus;Kauf
1.370.000 €;206 m²;Haar, München (Kreis);Haus;Kauf
1.199.900 - 1.399.900 €;156,00 - 175,00 m²;Schweigerweg 3, Baierbrunn, München (Kreis);Haus;Kauf
1.689.000 €;180 m²;Sauerlach, München (Kreis);Haus;Kauf
3.950.000 €;480 m²;Straßlach-Dingharting, München (Kreis);Haus;Kauf
1.198.000 €;178,5 m²;Neubiberg, München (Kreis);Haus;Kauf
1.300.000 €;169 m²;Ismaning, München (Kreis);Haus;Kauf
1.399.000 €;164,59 m²;Neubiberg, München (Kreis);Haus;Kauf
1.389.000 €;198 m²;Unterhaching, München (Kreis);Haus;Kauf
1.100.000 €;132 m²;Planegg, München (Kreis);Haus;Kauf
997.200 €;161 m²;Unterhaching, München (Kreis);Haus;Kauf
1.390.000 €;198 m²;Schäftlarn, München (Kreis);Haus;Kauf
1.390.000 €;250 m²;Gräfelfing, München (Kreis);Haus;Kauf
2.750.000 €;205 m²;Mendelssohnstraße xxxx, Pullach im Isartal, München (Kreis);Haus;Kauf
1.078.200 €;568 m²;Banaterweg 3, Höhenkirchen-Siegertsbrunn, München (Kreis);Haus;Kauf
999.000 €;185 m²;Ottobrunn, München (Kreis);Haus;Kauf
998.000 €;173 m²;Rosenheimer Straße 44a, Höhenkirchen-Siegertsbrunn, München (Kreis);Haus;Kauf
1.150.000 €;142 m²;Gräfelfing, München (Kreis);Haus;Kauf
1.070.000 €;170 m²;Eichenstraße 3, Brunnthal, München (Kreis);Haus;Kauf
1.500.000 €;196 m²;Brunnthal, München (Kreis);Haus;Kauf
650 m²;10 Zi.10;Grünwald, München (Kreis);Haus;Kauf
1.136.000 €;142 m²;Pullach im Isartal, München (Kreis);Haus;Kauf
1.170.000 €;201 m²;Putzbrunn, München (Kreis);Haus;Kauf
872.000 €;140 m²;Unterhaching, München (Kreis);Haus;Kauf
1.039.000 €;200 m²;Höhenkirchen-Siegertsbrunn, München (Kreis);Haus;Kauf
1.370.000 €;206 m²;Haar, München (Kreis);Haus;Kauf
950.000 €;119,09 m²;Schwalbenstraße 00, Unterschleißheim, München (Kreis);Haus;Kauf
1.175.000 €;161,88 m²;Schwalbenstraße 00, Unterschleißheim, München (Kreis);Haus;Kauf
4.450.000 €;299 m²;Grünwald, München (Kreis);Haus;Kauf
2.795.000 €;403 m²;Neubiberg, München (Kreis);Haus;Kauf
890.000 €;111 m²;Ottobrunn, München (Kreis);Haus;Kauf
1.293.000 - 1.293.000 €;176,00 - 176,00 m²;Pestalozzistr. 9, Unterhaching, München (Kreis);Haus;Kauf
992.165 €;158 m²;Unterschleißheim, München (Kreis);Haus;Kauf
1.395.250 €;182 m²;Unterschleißheim, München (Kreis);Haus;Kauf
1.350.000 €;182 m²;Zunftstraße 3, Haar, München (Kreis);Haus;Kauf
1.350.000 €;187,5 m²;Münchner Str. 60-70, Unterhaching, München (Kreis);Haus;Kauf
1.173.500 €;376 m²;Ottobrunn, München (Kreis);Haus;Kauf
930.000 €;307 m²;Brunnthal, München (Kreis);Haus;Kauf
1.780.000 €;675 m²;Unterschleißheim, München (Kreis);Haus;Kauf
1.185.000 €;174,7 m²;Gräfelfing, München (Kreis);Haus;Kauf
1.860.000 €;220 m²;Neubiberg, München (Kreis);Haus;Kauf
955.000 - 1.172.000 €;151,00 - 158,00 m²;Sauerlach, München (Kreis);Haus;Kauf
810.000 €;105,48 m²;Putzbrunn, München (Kreis);Haus;Kauf
748.000 €;140 m²;Aying, München (Kreis);Haus;Kauf
970.000 €;152 m²;Neubiberger Str. 19, Putzbrunn, München (Kreis);Haus;Kauf
695.000 €;125 m²;Sauerlach, München (Kreis);Haus;Kauf
203 m²;5 Zi.5;Putzbrunn, München (Kreis);Haus;Kauf
948.900 €;159 m²;Hohenbrunn, München (Kreis);Haus;Kauf
1.263.000 €;169 m²;Unterhaching, München (Kreis);Haus;Kauf
1.490.000 €;194 m²;Grasbrunn, München (Kreis);Haus;Kauf
3.350.000 €;300 m²;Sauerlach, München (Kreis);Haus;Kauf
1.470.000 €;170,37 m²;Linienstr. 119, Oberhaching, München (Kreis);Haus;Kauf
850.000 €;185 m²;Neubiberg, München (Kreis);Haus;Kauf
1.350.000 €;286,21 m²;Schäftlarn, München (Kreis);Haus;Kauf
1.850.000 €;355 m²;Gräfelfing, München (Kreis);Haus;Kauf
1.445.000 €;217,17 m²;Oberhaching, München (Kreis);Haus;Kauf
995.000 €;180 m²;Unterschleißheim, München (Kreis);Haus;Kauf
885.300 €;118 m²;Ziehrerstr. 60-80, Unterhaching, München (Kreis);Haus;Kauf
1.398.000 €;550 m²;Neubiberg, München (Kreis);Haus;Kauf
950.000 €;158,1 m²;Ottobrunn, München (Kreis);Haus;Kauf
1.150.000 €;160 m²;Sauerlach, München (Kreis);Haus;Kauf
1.249.000 €;160 m²;Sauerlach, München (Kreis);Haus;Kauf
1.120.000 €;145 m²;Ismaning, München (Kreis);Haus;Kauf
970.000 €;173,33 m²;Höhenkirchen-Siegertsbrunn, München (Kreis);Haus;Kauf
1.340.000 €;206 m²;Unterschleißheim, München (Kreis);Haus;Kauf
1.295.000 €;186 m²;Hohenbrunn, München (Kreis);Haus;Kauf
1.650.000 €;230 m²;Neubiberg, München (Kreis);Haus;Kauf
3.390.000 €;341 m²;Oberhaching, München (Kreis);Haus;Kauf
1.370.000 €;179 m²;Ottobrunn, München (Kreis);Haus;Kauf
1.389.000 €;198 m²;Unterhaching, München (Kreis);Haus;Kauf
1.320.000 €;160 m²;Ottobrunn, München (Kreis);Haus;Kauf
2.950.000 €;238 m²;Grünwald, München (Kreis);Haus;Kauf
1.485.000 €;207 m²;Gartenstraße 3, Ottobrunn, München (Kreis);Haus;Kauf
5.800.000 €;406 m²;Grünwald, München (Kreis);Haus;Kauf
989.000 €;169 m²;Straßlach-Dingharting, München (Kreis);Haus;Kauf
837.500 €;154 m²;Westendstraße 2, Kirchheim bei München, München (Kreis);Haus;Kauf
840.000 €;142 m²;Ottobrunn, München (Kreis);Haus;Kauf
1.195.000 €;170 m²;Schwalbenweg 7, Sauerlach, München (Kreis);Haus;Kauf
1.398.000 €;230 m²;Höhenkirchen-Siegertsbrunn, München (Kreis);Haus;Kauf
780.000 €;110 m²;Ranhazweg 58, Ottobrunn, München (Kreis);Haus;Kauf
1.295.000 €;181,04 m²;Reichenberger Straße 1a, Feldkirchen, München (Kreis);Haus;Kauf
1.600.000 €;244,15 m²;Putzbrunn, München (Kreis);Haus;Kauf
725.000 €;142 m²;Platanenweg 9, Kirchheim bei München, München (Kreis);Haus;Kauf
1.430.000 €;185 m²;Neuried, München (Kreis);Haus;Kauf
749.000 €;148 m²;Straßlach-Dingharting, München (Kreis);Haus;Kauf
1.899.000 €;200 m²;Wendelsteinstraße 19, Haar, München (Kreis);Haus;Kauf
1.380.000 €;198 m²;Baierbrunn, München (Kreis);Haus;Kauf
1.098.000 €;140 m²;Gräfelfing, München (Kreis);Haus;Kauf
1.050.000 €;142 m²;Unterschleißheim, München (Kreis);Haus;Kauf
839.000 €;167 m²;Höhenkirchen-Siegertsbrunn, München (Kreis);Haus;Kauf
1.860.000 €;327 m²;Ottobrunn, München (Kreis);Haus;Kauf
1.550.000 €;254 m²;Neubiberg, München (Kreis);Haus;Kauf
1.700.000 €;450 m²;Wolfratshauser Str. 50, Schäftlarn, München (Kreis);Haus;Kauf
749.250 €;151,5 m²;Kirchheim bei München, München (Kreis);Haus;Kauf
889.900 €;153,76 m²;Bogenstraße 8, Brunnthal, München (Kreis);Haus;Kauf
1.040.000 €;163 m²;Schäftlarn, München (Kreis);Haus;Kauf
998.000 €;162 m²;Zunftstraße 3, Haar, München (Kreis);Haus;Kauf
1.599.000 €;178 m²;Garching bei München, München (Kreis);Haus;Kauf
1.299.000 €;180 m²;Garching bei München, München (Kreis);Haus;Kauf
1.295.000 €;186 m²;Ottobrunn, München (Kreis);Haus;Kauf
1.250.000 €;151 m²;Ottobrunn, München (Kreis);Haus;Kauf
1.230.000 €;176 m²;Neubiberg, München (Kreis);Haus;Kauf
1.030.000 €;135 m²;Neubiberg, München (Kreis);Haus;Kauf
790.000 €;170 m²;Waldbahnweg 3A, Sauerlach, München (Kreis);Haus;Kauf
1.998.000 €;125 m²;Gabriel von Seidl-Str. 2a, Gräfelfing, München (Kreis);Haus;Kauf
713.000 €;125 m²;Grasbrunn, München (Kreis);Haus;Kauf
4.700.000 €;327 m²;Pullach im Isartal, München (Kreis);Haus;Kauf
997.200 €;161 m²;Unterhaching, München (Kreis);Haus;Kauf
1.509.000 €;640 m²;Banaterweg 3, Höhenkirchen-Siegertsbrunn, München (Kreis);Haus;Kauf
1.140.000 €;350 m²;Planegg, München (Kreis);Haus;Kauf
4.250.000 €;200 m²;Pullach im Isartal, München (Kreis);Haus;Kauf
1.575.000 €;240 m²;Haar, München (Kreis);Haus;Kauf
2.680.000 €;272 m²;Grünwald, München (Kreis);Haus;Kauf
1.500.000 €;215 m²;Sauerlach, München (Kreis);Haus;Kauf
1.170.000 €;187 m²;Höhenkirchen-Siegertsbrunn, München (Kreis);Haus;Kauf
1.874.000 €;230 m²;Unterföhring, München (Kreis);Haus;Kauf
1.200.000 €;155 m²;Neubiberg, München (Kreis);Haus;Kauf
1.044.000 €;130 m²;Höhenkirchen-Siegertsbrunn, München (Kreis);Haus;Kauf
2.680.000 €;272 m²;Straßlach-Dingharting, München (Kreis);Haus;Kauf
610.000 €;138,43 m²;Höhenkirchen-Siegertsbrunn, München (Kreis);Haus;Kauf
1.397.000 €;180 m²;Unterföhring, München (Kreis);Haus;Kauf
1.780.000 €;720 m²;Neubiberg, München (Kreis);Haus;Kauf
234.600 - 899.500 €;32,00 - 129,00 m²;Unterschleißheim, München (Kreis);Haus;Kauf
1.690.000 €;180 m²;Grünwald, München (Kreis);Haus;Kauf
785.000 €;139 m²;Aschheim, München (Kreis);Haus;Kauf
1.495.000 €;280 m²;Sauerlach, München (Kreis);Haus;Kauf
1.190.000 €;162,28 m²;Taufkirchen, München (Kreis);Haus;Kauf
879.000 €;140 m²;Unterhaching, München (Kreis);Haus;Kauf
1.070.000 €;155 m²;Neubiberg, München (Kreis);Haus;Kauf
1.034.000 €;120 m²;Ismaning, München (Kreis);Haus;Kauf
649.000 €;122 m²;Angererstr. 10a, Aying, München (Kreis);Haus;Kauf
719.000 €;122 m²;Angererstr. 10a, Aying, München (Kreis);Haus;Kauf
1.390.000 €;160 m²;Garching bei München, München (Kreis);Haus;Kauf
1.390.000 €;168 m²;Garching bei München, München (Kreis);Haus;Kauf
895.000 €;168 m²;Tiroler Str. 1 a, Grasbrunn, München (Kreis);Haus;Kauf
2.490.000 €;700 m²;Planegg, München (Kreis);Haus;Kauf
4.449.000 €;781 m²;Ismaning, München (Kreis);Haus;Kauf
1.620.000 €;165 m²;Gräfelfing, München (Kreis);Haus;Kauf
1.365.000 €;239,32 m²;Unterschleißheim, München (Kreis);Haus;Kauf
630.000 €;230 m²;Brunnthal, München (Kreis);Haus;Kauf
795.000 €;107 m²;Haar, München (Kreis);Haus;Kauf
2.439.000 €;195 m²;Gräfelfing, München (Kreis);Haus;Kauf
679.900 €;146 m²;Kirchheim bei München, München (Kreis);Haus;Kauf
1.295.000 €;159,3 m²;Michlbauerstraße 13, Neuried, München (Kreis);Haus;Kauf
1.525.000 €;181 m²;Unterhaching, München (Kreis);Haus;Kauf
2.500.000 - 2.500.000 €;240,00 - 240,00 m²;Straßlach-Dingharting, München (Kreis);Haus;Kauf
1.179.000 €;130,9 m²;Neuried, München (Kreis);Haus;Kauf
949.000 €;112,25 m²;Neuried, München (Kreis);Haus;Kauf
1.062.000 €;115,5 m²;Neuried, München (Kreis);Haus;Kauf
2.605.000 €;887 m²;Grünwald, München (Kreis);Haus;Kauf
932.500 €;185 m²;Ottobrunn, München (Kreis);Haus;Kauf
932.500 €;185 m²;Ottobrunn, München (Kreis);Haus;Kauf
1.142.000 €;185 m²;Ottobrunn, München (Kreis);Haus;Kauf
1.290.000 €;192 m²;Straßlach-Dingharting, München (Kreis);Haus;Kauf
1.474.000 €;200 m²;Ottobrunn, München (Kreis);Haus;Kauf
1.250.000 €;192 m²;Straßlach-Dingharting, München (Kreis);Haus;Kauf
1.210.000 €;138,5 m²;Michlbauerstraße 13, Neuried, München (Kreis);Haus;Kauf
4.796.000 €;436,3 m²;Gräfelfing, München (Kreis);Haus;Kauf
720.000 €;138 m²;Ottobrunn, München (Kreis);Haus;Kauf
430.000 €;100 m²;Hohenbrunn, München (Kreis);Haus;Kauf
1.425.000 €;123,58 m²;Unterschleißheim, München (Kreis);Haus;Kauf
995.000 €;360 m²;Höhenkirchen-Siegertsbrunn, München (Kreis);Haus;Kauf
1.117.000 €;441 m²;Unterhaching, München (Kreis);Haus;Kauf
665.000 €;128,56 m²;Taufkirchen, München (Kreis);Haus;Kauf
595.000 €;167,6 m²;Sauerlach, München (Kreis);Haus;Kauf
1.290.000 €;200 m²;Ostersteigstrasse 19, Höhenkirchen-Siegertsbrunn, München (Kreis);Haus;Kauf
985.000 €;518 m²;Unterschleißheim, München (Kreis);Haus;Kauf
867.000 €;220 m²;Grasbrunn, München (Kreis);Haus;Kauf
2.450.000 €;317 m²;Pullach im Isartal, München (Kreis);Haus;Kauf
13.500.000 €;587 m²;Grünwald, München (Kreis);Haus;Kauf
4.600.000 €;390 m²;Gräfelfing, München (Kreis);Haus;Kauf
1.100.000 €;156 m²;Hohenbrunn, München (Kreis);Haus;Kauf
2.890.000 €;190 m²;Grünwald, München (Kreis);Haus;Kauf
4.850.000 €;381,5 m²;Grünwald, München (Kreis);Haus;Kauf
862.900 €;142,72 m²;Hauptstraße 21, Kirchheim bei München, München (Kreis);Haus;Kauf
1.290.000 €;240 m²;Sauerlach, München (Kreis);Haus;Kauf
1.068.000 €;153 m²;Haar, München (Kreis);Haus;Kauf
899.500 €;129,42 m²;Unterschleißheim, München (Kreis);Haus;Kauf
1.459.000 €;205 m²;Straßlach-Dingharting, München (Kreis);Haus;Kauf
1.007.900 €;342 m²;Unterschleißheim, München (Kreis);Haus;Kauf
1.850.000 - 1.850.000 €;207,00 - 207,00 m²;Promenadestraße 1a, Ottobrunn, München (Kreis);Haus;Kauf
8.900.000 €;563 m²;Grünwald, München (Kreis);Haus;Kauf
729.000 €;120 m²;Feldkirchen, München (Kreis);Haus;Kauf
895.000 €;176 m²;Fichtenstrasse 36 A, Brunnthal, München (Kreis);Haus;Kauf
1.295.000 €;262,2 m²;Unterhaching, München (Kreis);Haus;Kauf
3.780.000 €;559 m²;Bussardstraße 8, Unterschleißheim, München (Kreis);Haus;Kauf
1.440.000 €;149 m²;Neubiberg, München (Kreis);Haus;Kauf
1.150.000 €;152 m²;Bussardstraße 8, Unterschleißheim, München (Kreis);Haus;Kauf
769.000 €;120 m²;Haar, München (Kreis);Haus;Kauf
990.000 €;190 m²;Gräfelfing, München (Kreis);Haus;Kauf
1.298.000 €;189 m²;Gräfelfing, München (Kreis);Haus;Kauf
975.000 €;173 m²;Haar, München (Kreis);Haus;Kauf
875.000 €;134 m²;Aubing, München;Haus;Kauf
5.200.000 €;475 m²;Starnberg, Starnberg (Kreis);Haus;Kauf
6.900.000 €;750 m²;Feldafing, Starnberg (Kreis);Haus;Kauf
917.000 €;137,63 m²;Puchheim, Fürstenfeldbruck (Kreis);Haus;Kauf
1.195.000 €;185 m²;Weßling, Starnberg (Kreis);Haus;Kauf
2.498.000 €;500 m²;Aschau im Chiemgau, Rosenheim (Kreis);Haus;Kauf
1.690.000 €;203 m²;Trudering, München;Haus;Kauf
368.400 - 977.900 €;45,00 - 145,00 m²;Birkenweg 34, Vaterstetten, Ebersberg (Kreis);Haus;Kauf
996.000 €;149,1 m²;Germering, Fürstenfeldbruck (Kreis);Haus;Kauf
1.375.000 €;210,84 m²;Kirchseeon, Ebersberg (Kreis);Haus;Kauf
6.800.000 €;385 m²;Starnberg, Starnberg (Kreis);Haus;Kauf
349.000 - 2.399.000 €;34,00 - 216,00 m²;Am Fendlbach 6, Herrsching am Ammersee, Starnberg (Kreis);Haus;Kauf
1.772.800 €;535 m²;Trudering, München;Haus;Kauf
1.100.000 €;146 m²;Karlsfeld, Dachau (Kreis);Haus;Kauf
795.000 €;558 m²;Gröbenzell, Fürstenfeldbruck (Kreis);Grundstueck;Kauf
1.590.000 €;1.136 m²;Eichenau, Fürstenfeldbruck (Kreis);Grundstueck;Kauf
1.220.000 €;903 m²;Eichenau, Fürstenfeldbruck (Kreis);Grundstueck;Kauf
700.000 €;556 m²;Eichenau, Fürstenfeldbruck (Kreis);Grundstueck;Kauf
498.000 €;576 m²;Althegnenberg, Fürstenfeldbruck (Kreis);Grundstueck;Kauf
870.000 €;624 m²;Olching, Fürstenfeldbruck (Kreis);Grundstueck;Kauf
1.350.000 €;771 m²;Germering, Fürstenfeldbruck (Kreis);Grundstueck;Kauf
650.000 €;1.000 m²;Maisach, Fürstenfeldbruck (Kreis);Grundstueck;Kauf
1.400.000 €;1.020 m²;Fürstenfeldbruck, Fürstenfeldbruck (Kreis);Grundstueck;Kauf
1.050.000 €;1.156 m²;Althegnenberg, Fürstenfeldbruck (Kreis);Grundstueck;Kauf
150.000 €;3.342 m²;Mühlstetterweg x, Puchheim, Fürstenfeldbruck (Kreis);Grundstueck;Kauf
1.750.000 €;1.260 m²;Germering, Fürstenfeldbruck (Kreis);Grundstueck;Kauf
198.000 €;650 m²;Moorenweis, Fürstenfeldbruck (Kreis);Grundstueck;Kauf
1.077.500 €;1.003 m²;Eichenau, Fürstenfeldbruck (Kreis);Grundstueck;Kauf
698.000 €;539 m²;Gröbenzell, Fürstenfeldbruck (Kreis);Grundstueck;Kauf
580.000 €;469 m²;Puchheim, Fürstenfeldbruck (Kreis);Grundstueck;Kauf
595.000 €;590 m²;Grafrath, Fürstenfeldbruck (Kreis);Grundstueck;Kauf
521.000 €;656 m²;Kottgeisering, Fürstenfeldbruck (Kreis);Grundstueck;Kauf
386.000 €;550 m²;Weiherstraße 8, Türkenfeld, Fürstenfeldbruck (Kreis);Grundstueck;Kauf
150.000 €;3.342 m²;Mühlstetterweg x, Puchheim, Fürstenfeldbruck (Kreis);Grundstueck;Kauf
785.000 €;604 m²;Gröbenzell, Fürstenfeldbruck (Kreis);Grundstueck;Kauf
400.000 €;554 m²;Egenhofen, Fürstenfeldbruck (Kreis);Grundstueck;Kauf
150.000 €;3.342 m²;Mühlstetterweg x, Puchheim, Fürstenfeldbruck (Kreis);Grundstueck;Kauf
1.750.000 €;1.303 m²;Weiherweg 39, Gröbenzell, Fürstenfeldbruck (Kreis);Grundstueck;Kauf
895.000 €;573,35 m²;Gröbenzell, Fürstenfeldbruck (Kreis);Grundstueck;Kauf
965.000 €;730 m²;Gröbenzell, Fürstenfeldbruck (Kreis);Grundstueck;Kauf
979.620 €;3.378 m²;Fürstenfeldbruck, Fürstenfeldbruck (Kreis);Grundstueck;Kauf
985.000 €;1.025 m²;Pöcking, Starnberg (Kreis);Grundstueck;Kauf
1.850.000 €;551 m²;Kirchplatz 4, Pullach im Isartal, München (Kreis);Grundstueck;Kauf
2.200.000 €;941 m²;Trudering, München;Grundstueck;Kauf
2.200.000 €;1.535 m²;Starnberg, Starnberg (Kreis);Grundstueck;Kauf
1.100.000 €;960 m²;Herrsching am Ammersee, Starnberg (Kreis);Grundstueck;Kauf
1.600.000 €;810 m²;Haar, München (Kreis);Grundstueck;Kauf
1.450.000 €;610 m²;Perlach, München;Grundstueck;Kauf
1.750.000 €;745 m²;Obersendling, München;Grundstueck;Kauf
5.200.000 €;6.850 m²;Dießen am Ammersee, Landsberg am Lech (Kreis);Grundstueck;Kauf
657.000 €;730 m²;Mering, Aichach-Friedberg (Kreis);Grundstueck;Kauf
1.590.000 €;677 m²;Gräfelfing, München (Kreis);Grundstueck;Kauf
5.160 €;338 m²;Trattangering 16a, Vierkirchen, Dachau (Kreis);Grundstueck;Kauf
430.000 €;307 m²;Wehrstaudenstrasse 33, Karlsfeld, Dachau (Kreis);Grundstueck;Kauf
241.500 €;345 m²;Röhrmoos, Dachau (Kreis);Grundstueck;Kauf
410.000 €;259 m²;Wehrstaudenstrasse 33, Karlsfeld, Dachau (Kreis);Grundstueck;Kauf
254.800 €;364 m²;Röhrmoos, Dachau (Kreis);Grundstueck;Kauf
650.000 €;370 m²;Dachau, Dachau (Kreis);Grundstueck;Kauf
420.850 €;443 m²;Vierkirchen, Dachau (Kreis);Grundstueck;Kauf
420.000 €;315 m²;Dachau, Dachau (Kreis);Grundstueck;Kauf
420.850 €;443 m²;Vierkirchen, Dachau (Kreis);Grundstueck;Kauf
325.000 €;332 m²;Markt Indersdorf, Dachau (Kreis);Grundstueck;Kauf
840.000 €;566 m²;Wehrstaudenstrasse 33, Karlsfeld, Dachau (Kreis);Grundstueck;Kauf
410.000 €;259 m²;Wehrstaudenstrasse 33, Karlsfeld, Dachau (Kreis);Grundstueck;Kauf
550.000 €;502 m²;Haimhausen, Dachau (Kreis);Grundstueck;Kauf
235.000 €;544 m²;Hilgertshausen-Tandern, Dachau (Kreis);Grundstueck;Kauf
210.000 €;396 m²;Altomünster, Dachau (Kreis);Grundstueck;Kauf
360.000 €;712 m²;Altomünster, Dachau (Kreis);Grundstueck;Kauf
150.000 €;316 m²;Altomünster, Dachau (Kreis);Grundstueck;Kauf
392.500 €;319 m²;Hebertshausen, Dachau (Kreis);Grundstueck;Kauf
379.000 €;191 m²;Dachau, Dachau (Kreis);Grundstueck;Kauf
625.000 €;410 m²;Dachau, Dachau (Kreis);Grundstueck;Kauf
669.000 €;844 m²;Odelzhausen, Dachau (Kreis);Grundstueck;Kauf
576.500 €;727 m²;Odelzhausen, Dachau (Kreis);Grundstueck;Kauf
285.000 €;170 m²;Karlsfeld, Dachau (Kreis);Grundstueck;Kauf
819.000 €;641 m²;Hebertshausen, Dachau (Kreis);Grundstueck;Kauf
1.185.000 €;1.065 m²;Schwabhausen, Dachau (Kreis);Grundstueck;Kauf
€ a. A.Kaufpreis;221 m²;Dachau, Dachau (Kreis);Grundstueck;Kauf
300.000 €;620 m²;Großberghofener Straße 7, Erdweg, Dachau (Kreis);Grundstueck;Kauf
510.000 €;850 m²;Bergkirchen, Dachau (Kreis);Grundstueck;Kauf
1.850.000 €;551 m²;Kirchplatz 4, Pullach im Isartal, München (Kreis);Grundstueck;Kauf
2.200.000 €;941 m²;Trudering, München;Grundstueck;Kauf
1.600.000 €;810 m²;Haar, München (Kreis);Grundstueck;Kauf
1.450.000 €;610 m²;Perlach, München;Grundstueck;Kauf
1.750.000 €;745 m²;Obersendling, München;Grundstueck;Kauf
657.000 €;730 m²;Mering, Aichach-Friedberg (Kreis);Grundstueck;Kauf
1.033.000 €;4.416 m²;Moorenweis, Fürstenfeldbruck (Kreis);Grundstueck;Kauf
1.590.000 €;677 m²;Gräfelfing, München (Kreis);Grundstueck;Kauf
734.000 €;323 m²;Ottobrunn, München (Kreis);Grundstueck;Kauf
1.350.000 €;238,6 m²;Solln, München;Grundstueck;Kauf
2.200.000 €;1.535 m²;Starnberg, Starnberg (Kreis);Grundstueck;Kauf
1.100.000 €;960 m²;Herrsching am Ammersee, Starnberg (Kreis);Grundstueck;Kauf
€ a. A.Kaufpreis;6.000 m²;Starnberg, Starnberg (Kreis);Grundstueck;Kauf
1.140.000 €;626 m²;Starnberg, Starnberg (Kreis);Grundstueck;Kauf
1.140.000 €;625 m²;Feldafing, Starnberg (Kreis);Grundstueck;Kauf
1.795.000 €;1.056 m²;Berg, Starnberg (Kreis);Grundstueck;Kauf
3.590.000 €;2.111 m²;Berg, Starnberg (Kreis);Grundstueck;Kauf
€ a. A.Kaufpreis;5.000 m²;Tutzing, Starnberg (Kreis);Grundstueck;Kauf
6.200.000 €;5.053 m²;Berg, Starnberg (Kreis);Grundstueck;Kauf
5.200.000 €;3.025 m²;Wörthsee, Starnberg (Kreis);Grundstueck;Kauf
€ a. A.Kaufpreis;1.747 m²;Rudolf-von-Hirsch-Straße 7, Krailling, Starnberg (Kreis);Grundstueck;Kauf
€ a. A.Kaufpreis;7.855 m²;Feldafing, Starnberg (Kreis);Grundstueck;Kauf
895.000 €;569 m²;Starnberg, Starnberg (Kreis);Grundstueck;Kauf
800.000 €;650 m²;Weßling, Starnberg (Kreis);Grundstueck;Kauf
960.000 €;700 m²;Gauting, Starnberg (Kreis);Grundstueck;Kauf
1.790.000 €;3.549 m²;Hechendorfer Str. 142, Herrsching am Ammersee, Starnberg (Kreis);Grundstueck;Kauf
1.550.000 €;992 m²;Andechs, Starnberg (Kreis);Grundstueck;Kauf
249.000 €;22.476 m²;Berg, Starnberg (Kreis);Grundstueck;Kauf
€ a. A.Kaufpreis;1.005 m²;Seefeld, Starnberg (Kreis);Grundstueck;Kauf
5.500.000 €;4.172 m²;Zum Ministerhügel 14, Pöcking, Starnberg (Kreis);Grundstueck;Kauf
1.760.000 €;1.067 m²;Gauting, Starnberg (Kreis);Grundstueck;Kauf
790.000 €;2.278 m²;Andechs, Starnberg (Kreis);Grundstueck;Kauf
1.860.000 €;1.179 m²;Starnberg, Starnberg (Kreis);Grundstueck;Kauf
2.290.000 €;1.542 m²;Starnberg, Starnberg (Kreis);Grundstueck;Kauf
799.000 €;897 m²;Andechs, Starnberg (Kreis);Grundstueck;Kauf
840.000 €;534 m²;Gauting, Starnberg (Kreis);Grundstueck;Kauf
995.000 €;533 m²;Gauting, Starnberg (Kreis);Grundstueck;Kauf
5.600.000 €;4.000 m²;Inning am Ammersee, Starnberg (Kreis);Grundstueck;Kauf
3.500.000 €;1.750 m²;Starnberg, Starnberg (Kreis);Grundstueck;Kauf
980.000 €;550 m²;Starnberg, Starnberg (Kreis);Grundstueck;Kauf
€ a. A.Kaufpreis;522 m²;Lärchenweg NN, Pöcking, Starnberg (Kreis);Grundstueck;Kauf
€ a. A.Kaufpreis;780 m²;Tutzing, Starnberg (Kreis);Grundstueck;Kauf
2.400.000 €;1.888 m²;Starnberg, Starnberg (Kreis);Grundstueck;Kauf
1.975.000 €;1.219 m²;Berg, Starnberg (Kreis);Grundstueck;Kauf
€ a. A.Kaufpreis;975 m²;Gilching, Starnberg (Kreis);Grundstueck;Kauf
1.280.000 €;1.346 m²;Inning am Ammersee, Starnberg (Kreis);Grundstueck;Kauf
€ a. A.Kaufpreis;1.500 m²;Berg, Starnberg (Kreis);Grundstueck;Kauf
€ a. A.Kaufpreis;1.500 m²;Starnberg, Starnberg (Kreis);Grundstueck;Kauf
1.850.000 €;551 m²;Kirchplatz 4, Pullach im Isartal, München (Kreis);Grundstueck;Kauf
1.600.000 €;810 m²;Haar, München (Kreis);Grundstueck;Kauf
5.200.000 €;6.850 m²;Dießen am Ammersee, Landsberg am Lech (Kreis);Grundstueck;Kauf
136.162 €;347 m²;Au in der Hallertau, Freising (Kreis);Grundstueck;Kauf
549.000 €;400 m²;Siedlerstr. 10 a, Eching, Freising (Kreis);Grundstueck;Kauf
930.000 €;467,5 m²;Eching, Freising (Kreis);Grundstueck;Kauf
278.595 €;679 m²;Au in der Hallertau, Freising (Kreis);Grundstueck;Kauf
€ a. A.Kaufpreis;1.510 m²;Mauerner Str. 62, Wang, Freising (Kreis);Grundstueck;Kauf
3.750.000 €;2.500 m²;Hallbergmoos, Freising (Kreis);Grundstueck;Kauf
1.200.000 €;1.250 m²;Eching, Freising (Kreis);Grundstueck;Kauf
695.000 €;533 m²;Eching, Freising (Kreis);Grundstueck;Kauf
330.000 €;821,55 m²;Au in der Hallertau, Freising (Kreis);Grundstueck;Kauf
340.500 €;812 m²;Eching, Freising (Kreis);Grundstueck;Kauf
€ a. A.Kaufpreis;1.014 m²;Hallbergmoos, Freising (Kreis);Grundstueck;Kauf
700.000 €;682 m²;Hallbergmoos, Freising (Kreis);Grundstueck;Kauf
95.000 €;9.975 m²;Attenkirchen, Freising (Kreis);Grundstueck;Kauf
540.000 €;812 m²;Eching, Freising (Kreis);Grundstueck;Kauf
40.500 €;3.340 m²;Freising, Freising (Kreis);Grundstueck;Kauf
399.900 €;26.317 m²;Freising, Freising (Kreis);Grundstueck;Kauf
255.900 €;13.388 m²;Freising, Freising (Kreis);Grundstueck;Kauf
163.500 €;11.600 m²;Freising, Freising (Kreis);Grundstueck;Kauf
119.900 €;8.470 m²;Freising, Freising (Kreis);Grundstueck;Kauf
45.500 €;3.170 m²;Freising, Freising (Kreis);Grundstueck;Kauf
63.900 €;5.310 m²;Freising, Freising (Kreis);Grundstueck;Kauf
30.900 €;2.520 m²;Freising, Freising (Kreis);Grundstueck;Kauf
33.900 €;2.790 m²;Freising, Freising (Kreis);Grundstueck;Kauf
399.900 €;26.317 m²;Zolling, Freising (Kreis);Grundstueck;Kauf
255.900 €;13.388 m²;Zolling, Freising (Kreis);Grundstueck;Kauf
40.500 €;3.340 m²;Zolling, Freising (Kreis);Grundstueck;Kauf
163.500 €;11.600 m²;Zolling, Freising (Kreis);Grundstueck;Kauf
119.900 €;8.470 m²;Zolling, Freising (Kreis);Grundstueck;Kauf
44.900 €;3.130 m²;Zolling, Freising (Kreis);Grundstueck;Kauf
45.500 €;3.170 m²;Zolling, Freising (Kreis);Grundstueck;Kauf
63.900 €;5.310 m²;Zolling, Freising (Kreis);Grundstueck;Kauf
30.900 €;2.520 m²;Zolling, Freising (Kreis);Grundstueck;Kauf
33.900 €;2.790 m²;Zolling, Freising (Kreis);Grundstueck;Kauf
950.000 €;535 m²;Engelhofstraße 4, Eching, Freising (Kreis);Grundstueck;Kauf
419.000 €;423 m²;Freising, Freising (Kreis);Grundstueck;Kauf
299.000 €;2.892 m²;Freising, Freising (Kreis);Grundstueck;Kauf
395.000 €;2.700 m²;Brunnwies 22, Freising, Freising (Kreis);Grundstueck;Kauf
1.850.000 €;551 m²;Kirchplatz 4, Pullach im Isartal, München (Kreis);Grundstueck;Kauf
1.600.000 €;810 m²;Haar, München (Kreis);Grundstueck;Kauf
1.590.000 €;677 m²;Gräfelfing, München (Kreis);Grundstueck;Kauf
66.000 €;5.490 m²;Isen, Erding (Kreis);Grundstueck;Kauf
250.000 €;1.000 m²;Kiebitzweg 16, Finsing, Erding (Kreis);Grundstueck;Kauf
598.995 €;576 m²;Oberding, Erding (Kreis);Grundstueck;Kauf
249.000 €;480 m²;Dorfen, Erding (Kreis);Grundstueck;Kauf
58.000 €;600 m²;Wartenberg, Erding (Kreis);Grundstueck;Kauf
499.000 €;2.540 m²;Manhartsdorf 8, Wartenberg, Erding (Kreis);Grundstueck;Kauf
1.850.000 €;551 m²;Kirchplatz 4, Pullach im Isartal, München (Kreis);Grundstueck;Kauf
1.600.000 €;810 m²;Haar, München (Kreis);Grundstueck;Kauf
1.590.000 €;677 m²;Gräfelfing, München (Kreis);Grundstueck;Kauf
734.000 €;323 m²;Ottobrunn, München (Kreis);Grundstueck;Kauf
12.300.000 €;5.286 m²;Grünwald, München (Kreis);Grundstueck;Kauf
965.000 €;484,5 m²;Eching, Freising (Kreis);Grundstueck;Kauf
2.940.000 €;1.251 m²;Grünwald, München (Kreis);Grundstueck;Kauf
€ a. A.Kaufpreis;450 m²;Hohenbrunn, München (Kreis);Grundstueck;Kauf
136.162 €;347 m²;Au in der Hallertau, Freising (Kreis);Grundstueck;Kauf
€ a. A.Kaufpreis;886 m²;Sudelfeldstraße 3, Grünwald, München (Kreis);Grundstueck;Kauf
€ a. A.Kaufpreis;37.700 m²;Zaißing, Steinhöring, Ebersberg (Kreis);Grundstueck;Kauf
1.190.000 €;485 m²;Ottobrunn, München (Kreis);Grundstueck;Kauf
950.000 €;503 m²;Neubiberg, München (Kreis);Grundstueck;Kauf
309.000 €;1.156 m²;Hohenlinden, Ebersberg (Kreis);Grundstueck;Kauf
464.000 €;454 m²;Egmating, Ebersberg (Kreis);Grundstueck;Kauf
1.290.000 €;783 m²;Vaterstetten, Ebersberg (Kreis);Grundstueck;Kauf
850.000 €;809 m²;Grafing bei München, Ebersberg (Kreis);Grundstueck;Kauf
820.000 €;1.571,09 m²;Glonn, Ebersberg (Kreis);Grundstueck;Kauf
1.300.000 €;660 m²;Vaterstetten, Ebersberg (Kreis);Grundstueck;Kauf
1.200.000 €;1.350 m²;Bruck, Ebersberg (Kreis);Grundstueck;Kauf
1.060.000 €;861 m²;Anzing, Ebersberg (Kreis);Grundstueck;Kauf
449.000 €;157 m²;Markt Schwaben, Ebersberg (Kreis);Grundstueck;Kauf
1.190.000 €;1.499 m²;Ebersberg, Ebersberg (Kreis);Grundstueck;Kauf
470.000 €;470 m²;Zorneding, Ebersberg (Kreis);Grundstueck;Kauf
1.350.000 €;708 m²;Vaterstetten, Ebersberg (Kreis);Grundstueck;Kauf
€ a. A.Kaufpreis;1.882 m²;Zugspitzstr. 3, Kirchseeon, Ebersberg (Kreis);Grundstueck;Kauf
798.000 €;895 m²;Kirchseeon, Ebersberg (Kreis);Grundstueck;Kauf
1.850.000 €;551 m²;Kirchplatz 4, Pullach im Isartal, München (Kreis);Grundstueck;Kauf
1.600.000 €;810 m²;Haar, München (Kreis);Grundstueck;Kauf
398.000 €;965 m²;Kiefersfelden, Rosenheim (Kreis);Grundstueck;Kauf
1.590.000 €;677 m²;Gräfelfing, München (Kreis);Grundstueck;Kauf
734.000 €;323 m²;Ottobrunn, München (Kreis);Grundstueck;Kauf
1.600.000 €;810 m²;Haar, München (Kreis);Grundstueck;Kauf
1.590.000 €;677 m²;Gräfelfing, München (Kreis);Grundstueck;Kauf
734.000 €;323 m²;Ottobrunn, München (Kreis);Grundstueck;Kauf
12.300.000 €;5.286 m²;Grünwald, München (Kreis);Grundstueck;Kauf
2.940.000 €;1.251 m²;Grünwald, München (Kreis);Grundstueck;Kauf
€ a. A.Kaufpreis;450 m²;Hohenbrunn, München (Kreis);Grundstueck;Kauf
€ a. A.Kaufpreis;886 m²;Sudelfeldstraße 3, Grünwald, München (Kreis);Grundstueck;Kauf
1.190.000 €;485 m²;Ottobrunn, München (Kreis);Grundstueck;Kauf
950.000 €;503 m²;Neubiberg, München (Kreis);Grundstueck;Kauf
2.395.000 €;1.209 m²;Ottobrunn, München (Kreis);Grundstueck;Kauf
1.690.000 €;770 m²;Gräfelfing, München (Kreis);Grundstueck;Kauf
889.081 €;386 m²;Unterschleißheim, München (Kreis);Grundstueck;Kauf
2.495.000 €;1.294 m²;Bahnhofsplatz 2, Oberhaching, München (Kreis);Grundstueck;Kauf
1.790.000 €;679 m²;Grünwald, München (Kreis);Grundstueck;Kauf
780.000 €;503 m²;Oberhaching, München (Kreis);Grundstueck;Kauf
2.215.000 €;1.605 m²;Grünwald, München (Kreis);Grundstueck;Kauf
5.200.000 €;1.800 m²;Gräfelfing, München (Kreis);Grundstueck;Kauf
698.000 €;584 m²;Aying, München (Kreis);Grundstueck;Kauf
2.500.000 €;1.000 m²;Gräfelfing, München (Kreis);Grundstueck;Kauf
€ a. A.Kaufpreis;500 m²;Ottobrunn, München (Kreis);Grundstueck;Kauf
200.000 €;700 m²;Aying, München (Kreis);Grundstueck;Kauf
466.000 €;242 m²;Oberhaching, München (Kreis);Grundstueck;Kauf
€ a. A.Kaufpreis;974 m²;Unterschleißheim, München (Kreis);Grundstueck;Kauf
8.800.000 €;3.184 m²;Grünwald, München (Kreis);Grundstueck;Kauf
149.000 €;624 m²;Unterschleißheim, München (Kreis);Grundstueck;Kauf
779.000 €;390 m²;Garching bei München, München (Kreis);Grundstueck;Kauf
1.700.000 €;1.070 m²;Schäftlarn, München (Kreis);Grundstueck;Kauf
5.600.000 €;2.226 m²;Gräfelfing, München (Kreis);Grundstueck;Kauf
€ a. A.Kaufpreis;537,5 m²;Feldkirchen, München (Kreis);Grundstueck;Kauf
950.000 €;464 m²;Zunftstraße 3, Haar, München (Kreis);Grundstueck;Kauf
1.600.000 €;1.645 m²;Aying, München (Kreis);Grundstueck;Kauf
2.980.000 €;1.059 m²;Pullach im Isartal, München (Kreis);Grundstueck;Kauf
2.325.000 €;1.250 m²;Gräfelfing, München (Kreis);Grundstueck;Kauf
1.450.000 €;750 m²;Grünwald, München (Kreis);Grundstueck;Kauf
1.450.000 €;750 m²;Grünwald, München (Kreis);Grundstueck;Kauf
1.240.000 €;514 m²;Neuried, München (Kreis);Grundstueck;Kauf
300.000 €;4.857 m²;Unterschleißheim, München (Kreis);Grundstueck;Kauf
1.050.000 €;608 m²;Neubiberg, München (Kreis);Grundstueck;Kauf
935.000 €;550 m²;Hohenbrunn, München (Kreis);Grundstueck;Kauf
810.000 €;524 m²;Putzbrunn, München (Kreis);Grundstueck;Kauf
1.700.000 €;1.335 m²;Grasbrunn, München (Kreis);Grundstueck;Kauf
€ a. A.Kaufpreis;925 m²;Ismaning, München (Kreis);Grundstueck;Kauf
6.500.000 €;2.500 m²;Grünwald, München (Kreis);Grundstueck;Kauf
1.725.000 €;750 m²;Ottobrunn, München (Kreis);Grundstueck;Kauf
998.000 €;819 m²;Altkirchener Str. 43a, Sauerlach, München (Kreis);Grundstueck;Kauf
13.500.000 €;4.010 m²;Grünwald, München (Kreis);Grundstueck;Kauf
1.190.000 €;794 m²;Hohenbrunn, München (Kreis);Grundstueck;Kauf
1.550.000 €;867 m²;Grasbrunn, München (Kreis);Grundstueck;Kauf
15.800.000 €;3.441 m²;Ismaning, München (Kreis);Grundstueck;Kauf
1.998.000 €;1.377 m²;Oberhaching, München (Kreis);Grundstueck;Kauf
2.450.000 €;900 m²;Pullach im Isartal, München (Kreis);Grundstueck;Kauf
1.255.555 €;755 m²;Grasbrunn, München (Kreis);Grundstueck;Kauf
1.190.000 €;435 m²;Hohenbrunn, München (Kreis);Grundstueck;Kauf
2.400.000 €;1.200 m²;Unterschleißheim, München (Kreis);Grundstueck;Kauf
4.975.000 €;3.208 m²;Grünwald, München (Kreis);Grundstueck;Kauf
985.000 €;1.025 m²;Pöcking, Starnberg (Kreis);Grundstueck;Kauf
2.200.000 €;941 m²;Trudering, München;Grundstueck;Kauf
2.200.000 €;1.535 m²;Starnberg, Starnberg (Kreis);Grundstueck;Kauf
